Workbook

Sheet README_SOPMaintenance skill 使用说
A1: 售后仓库台账操作SOP | B1: Warehouse After-Sales Ledger SOP | C1: AI操作入口 / AI Operation Entry
A2: 中文 | B2: English | C2: 处理ERP SH工单或打印Label前，必须先读取工作簿内对应AI_SKILL页。Skill页为最新业务规则来源，优先于聊天记忆。
A3: 编辑权限颜色说明 | B3: Editing Permission Colour Guide | C3: 工单/备货/出库 → AI_SKILL_工单读取
A4: 绿色：只有绿色标签工作表中的绿色单元格可以日常编辑。其他区域不得修改。 | B4: Green: Only green cells inside green-tab sheets may be edited during daily work. Do not change other areas. | C4: 打印Label → AI_SKILL_Label打印
A5: 黄色：黄色标签工作表是维护表，仅在产品、库位或动作规则需要更新时编辑。 | B5: Yellow: Yellow-tab sheets are maintenance tables. Edit only when product, location or action rules require maintenance. | C5: 规则变化直接更新Skill页，下次AI重新读取。
A6: 红色：红色标签工作表是公式及报表表，只能查看，禁止手工修改。 | B6: Red: Red-tab sheets are formula and report sheets. View only; do not edit manually.
A7: 目的 使用“主表 Stock_Transaction_Log”作为唯一的日常录入表。“Current_Stock_Detail 当前库存明细查询”自动生成，用于查询当前库存及混装托盘内容；“Warehouse_Layout 仓库可视化”和“Dashboard 简易报表”用于可视化查看。 | B7: Purpose Use “主表 Stock_Transaction_Log” as the only daily input table. “Current_Stock_Detail 当前库存明细查询” is generated automatically for current-stock and mixed-pallet queries. “Warehouse_Layout 仓库可视化” and “Dashboard 简易报表” provide visual views.
A8: 初次使用 1）确认“Location_Master库位维护”；2）确认“Product_Stock_Master产品维护”；3）在“主表 Stock_Transaction_Log”录入期初库存；4）检查当前库存明细、仓库可视化和简易报表。 | B8: Initial setup 1) Confirm “Location_Master库位维护”. 2) Confirm “Product_Stock_Master产品维护”. 3) Enter opening stock in “主表 Stock_Transaction_Log”. 4) Check the current-stock detail, warehouse visualization and dashboard.
A9: 产品分类 只有以下9个机型属于产品（Product）：EQ4800-S、EQ4800-M、CQ6-S、CQ6-M、KH10、KH8、H3-10.0-SMART、H3-15.0-SMART、CQ7-S。其余全部属于物料（Material），包括遮线罩等配件。 | B9: Product classification Only these nine models are classified as Product: EQ4800-S, EQ4800-M, CQ6-S, CQ6-M, KH10, KH8, H3-10.0-SMART, H3-15.0-SMART and CQ7-S. Everything else is Material, including cable covers and other accessories.
A10: 序列号规则 只有产品出库和产品退回维修需要序列号（SN）。期初库存、普通物料移动和混装物料托盘不需要序列号。 | B10: Serial-number rule Only Product Outbound and Product Return_to_Repair require an SN. Opening stock, normal material movements and mixed-material pallets do not require an SN.
A11: 混装托盘 使用 MIX-001 等容器编号（Container_Code），每个料号录入一行。仓库可视化只显示混装汇总；在当前库存明细中按容器编号筛选，可查看托盘内的具体内容。 | B11: Mixed pallet Use a Container_Code such as MIX-001 and enter one row per SKU. The warehouse visualization shows only the mixed summary. Filter the current-stock detail by Container_Code to view the pallet contents.
A12: 库存状态 在库：当前数量大于0；已出库：当前数量等于0；负库存：当前数量小于0。“重复”不作为库存状态。 | B12: Stock status In Stock: Current_Qty > 0. Out: Current_Qty = 0. Negative: Current_Qty < 0. Duplicate is not used as a stock status.
A13: 已备货 “已备货”只是备货记录，不影响库存。客户提货后，将操作改为“出库”，或另外录入一条出库记录。 | B13: Prepared Prepared is a preparation record only and does not affect stock. When the customer collects the goods, change the Action to Outbound or enter a separate Outbound row.
A14: 出库 出库会扣减来源库位（From_Location_Code）的库存。产品出库必须填写序列号。 | B14: Outbound Outbound reduces stock at the From_Location_Code. Product outbound requires an SN.
A15: 维修回退 维修回退会增加目标库位（To_Location_Code）的维修库存。产品退回维修必须填写序列号。 | B15: Return to repair Return_to_Repair increases repair stock at the To_Location_Code. Product return-to-repair requires an SN.
A16: 流程 ERP出货单/取货请求 → 已备货 → 客户提货时出库 → 旧机退回维修 → 在简易报表中检查待处理事项和异常。 | B16: Process ERP SH / pickup request → Prepared → Outbound when collected → old unit Return_to_Repair → review pending items and exceptions on the dashboard.
A17: 图表颜色 绿色表示可编辑区域；红色表示公式区域，不可编辑；黄色表示维护区域。 | B17: Chart colors Green indicates editable areas. Red indicates formula areas and must not be edited. Yellow indicates maintenance areas.
... A96: 报表辅助列 主表W:Z继续作为报表辅助列：唯一SH/动作标记、旧机未返标记、报表整机标记及报表分组。必须保留其公式与依赖关系。 | B96: Reporting-helper rule Main-table W:Z remain reporting helpers: unique SH/action flag, outstanding-return flag, report-machine flag and report group. Preserve their formulas and dependencies.

Sheet 主表 Stock_Transaction_Log
A1: Date / 日期 | B1: Outbound_Date / 实际出库日 | C1: Action / 动作 | D1: SH_No / ERP SH单号 | E1: Pickup_Code / 取货码 | F1: Container_Code / 容器码 | G1: SKU / 料号 | H1: Model / 机型 | I1: Item_Type / 物品类型 | J1: SN / 机器唯一码 | K1: Qty / 数量 | L1: From_Location_Code / 来源库位 | M1: To_Location_Code / 目标库位 | N1: ERP仓库选择 | O1: Validation_Check / 检查 | P1: Stock_Condition / 库存属性（必填） | Q1: 公式辅助位勿动 | R1: 公式辅助位勿动 | S1: 公式辅助位勿动 | T1: 公式辅助位勿动 | U1: 公式辅助位勿动 | V1: Remark / 备注 | W1: Condition_Check / 属性校验 | X1: Unique_SH_Action_Flag / 单据去重标记 | Y1: Outstanding_Return_Flag / 旧机未返标记 | Z1: Report_Machine_Flag / 报表整机标记 | AA1: Report_Group / 报表类别 | AB1: Move_Source_Key / 移库来源Key | AC1: Move_Source_Qty / 移库来源数量
A2: 2026-07-15 | C2: Opening | G2: 97-414-00027-00 | H2: =IF(G2="","",IFERROR(VLOOKUP(G2,'Product_Stock_Master产品维护'!$A$2:$E992,2,FALSE()),"SKU not found")) -> EQ4800-side-cover | I2: =IF(G2="","",IFERROR(VLOOKUP(G2,'Product_Stock_Master产品维护'!$A$2:$E992,3,FALSE()),"Item type not found")) -> Material | K2: 288 | M2: R1-2-1-L | O2: =IF(C2="","",IF(AND(G2="",NOT(AND(C2="Adjustment_In",P2="Material / 物料"))),"Missing SKU / 缺料号",IF(K2="","Missing Qty / 缺数量",IF(AND(I2="Product",OR(C2="Outbound",C2="Return_to_Repair"),J2=""),"Missing SN for product outbound/return / 成品出库或维修回退缺SN",IF(C2="Move",IF(OR(L2="",M2=""),"Missing Move location / 移库缺来源或目标库位","OK"),IF(OR(C2="Opening",C2="Inbound",C2="Return_to_Repair",C2="Adjustment_In"),IF(M2="","Missing To Location / 缺目标库位","OK"),IF(OR(C2="Outbound",C2="Adjustment_Out",C2="Prepared"),IF(L2="","Missing From Location / 缺来源库位","OK"),"OK"))))))) -> OK | P2: Material / 物料 | Q2: =IF(C2="","",IF(OR(C2="Opening",C2="Inbound",C2="Return_to_Repair",C2="Adjustment_In"),M2,IF(OR(C2="Outbound",C2="Move",C2="Adjustment_Out",C2="Prepared"),L2,""))) -> R1-2-1-L | R2: =IF(C2="","",IF(C2="Return_to_Repair",J2,"")) | S2: =IF(C2="","",IF(C2="Prepared",0,IF(OR(C2="Opening",C2="Inbound",C2="Return_to_Repair",C2="Adjustment_In"),K2,IF(OR(C2="Outbound",C2="Adjustment_Out",C2="Move"),-K2,0)))) -> 288 | T2: =IF(Q2="","",Q2&"|"&F2&"|"&G2&"|"&R2&"|"&P2) -> R1-2-1-L||97-414-00027-00||Material / 物料 | U2: Formula helper / 公式辅助 | V2: Opening balance imported from SYD_Basic_Stock_Capture_Template (1).xlsx | W2: =IF(A2="","",IF(AND(Z2="Yes",P2=""),"Missing stock condition / 缺库存属性",IF(AND(P2="New / 新机",C2="Return_to_Repair"),"New/repair conflict / 新机维修冲突","OK"))) -> OK | X2: =IF(OR(C2="",D2=""),0,IF(COUNTIFS($C$2:C2,C2,$D$2:D2,D2)=1,1,0)) -> 0 | Y2: =IF(AND(C2="Outbound",D2<>"",COUNTIFS($C$2:C2,"Outbound",$D$2:D2,D2)=1,COUNTIFS($C$2:$C992,"Return_to_Repair",$D$2:$D992,D2)=0),1,0) -> 0 | Z2: =IF(G2="","",IFERROR(VLOOKUP(G2,'Product_Stock_Master产品维护'!$A$2:$L992,11,FALSE),"No")) -> No | AA2: =IF(G2="","",IFERROR(VLOOKUP(G2,'Product_Stock_Master产品维护'!$A$2:$L992,12,FALSE),""))
A3: 2026-07-15 | C3: Opening | G3: 97-414-00027-00 | H3: =IF(G3="","",IFERROR(VLOOKUP(G3,'Product_Stock_Master产品维护'!$A$2:$E992,2,FALSE()),"SKU not found")) -> EQ4800-side-cover | I3: =IF(G3="","",IFERROR(VLOOKUP(G3,'Product_Stock_Master产品维护'!$A$2:$E992,3,FALSE()),"Item type not found")) -> Material | K3: 286 | M3: R1-2-1-M | O3: =IF(C3="","",IF(AND(G3="",NOT(AND(C3="Adjustment_In",P3="Material / 物料"))),"Missing SKU / 缺料号",IF(K3="","Missing Qty / 缺数量",IF(AND(I3="Product",OR(C3="Outbound",C3="Return_to_Repair"),J3=""),"Missing SN for product outbound/return / 成品出库或维修回退缺SN",IF(C3="Move",IF(OR(L3="",M3=""),"Missing Move location / 移库缺来源或目标库位","OK"),IF(OR(C3="Opening",C3="Inbound",C3="Return_to_Repair",C3="Adjustment_In"),IF(M3="","Missing To Location / 缺目标库位","OK"),IF(OR(C3="Outbound",C3="Adjustment_Out",C3="Prepared"),IF(L3="","Missing From Location / 缺来源库位","OK"),"OK"))))))) -> OK | P3: Material / 物料 | Q3: =IF(C3="","",IF(OR(C3="Opening",C3="Inbound",C3="Return_to_Repair",C3="Adjustment_In"),M3,IF(OR(C3="Outbound",C3="Move",C3="Adjustment_Out",C3="Prepared"),L3,""))) -> R1-2-1-M | R3: =IF(C3="","",IF(C3="Return_to_Repair",J3,"")) | S3: =IF(C3="","",IF(C3="Prepared",0,IF(OR(C3="Opening",C3="Inbound",C3="Return_to_Repair",C3="Adjustment_In"),K3,IF(OR(C3="Outbound",C3="Adjustment_Out",C3="Move"),-K3,0)))) -> 286 | T3: =IF(Q3="","",Q3&"|"&F3&"|"&G3&"|"&R3&"|"&P3) -> R1-2-1-M||97-414-00027-00||Material / 物料 | U3: Formula helper / 公式辅助 | V3: Opening balance imported from SYD_Basic_Stock_Capture_Template (1).xlsx | W3: =IF(A3="","",IF(AND(Z3="Yes",P3=""),"Missing stock condition / 缺库存属性",IF(AND(P3="New / 新机",C3="Return_to_Repair"),"New/repair conflict / 新机维修冲突","OK"))) -> OK | X3: =IF(OR(C3="",D3=""),0,IF(COUNTIFS($C$2:C3,C3,$D$2:D3,D3)=1,1,0)) -> 0 | Y3: =IF(AND(C3="Outbound",D3<>"",COUNTIFS($C$2:C3,"Outbound",$D$2:D3,D3)=1,COUNTIFS($C$2:$C993,"Return_to_Repair",$D$2:$D993,D3)=0),1,0) -> 0 | Z3: =IF(G3="","",IFERROR(VLOOKUP(G3,'Product_Stock_Master产品维护'!$A$2:$L992,11,FALSE),"No")) -> No | AA3: =IF(G3="","",IFERROR(VLOOKUP(G3,'Product_Stock_Master产品维护'!$A$2:$L992,12,FALSE),""))
A4: 2026-07-15 | C4: Opening | G4: 41-406-00002-00 | H4: =IF(G4="","",IFERROR(VLOOKUP(G4,'Product_Stock_Master产品维护'!$A$2:$E992,2,FALSE()),"SKU not found")) -> H3 Smart遮线罩 | I4: =IF(G4="","",IFERROR(VLOOKUP(G4,'Product_Stock_Master产品维护'!$A$2:$E992,3,FALSE()),"Item type not found")) -> Material | K4: 42 | M4: R1-2-1-R | O4: =IF(C4="","",IF(AND(G4="",NOT(AND(C4="Adjustment_In",P4="Material / 物料"))),"Missing SKU / 缺料号",IF(K4="","Missing Qty / 缺数量",IF(AND(I4="Product",OR(C4="Outbound",C4="Return_to_Repair"),J4=""),"Missing SN for product outbound/return / 成品出库或维修回退缺SN",IF(C4="Move",IF(OR(L4="",M4=""),"Missing Move location / 移库缺来源或目标库位","OK"),IF(OR(C4="Opening",C4="Inbound",C4="Return_to_Repair",C4="Adjustment_In"),IF(M4="","Missing To Location / 缺目标库位","OK"),IF(OR(C4="Outbound",C4="Adjustment_Out",C4="Prepared"),IF(L4="","Missing From Location / 缺来源库位","OK"),"OK"))))))) -> OK | P4: Material / 物料 | Q4: =IF(C4="","",IF(OR(C4="Opening",C4="Inbound",C4="Return_to_Repair",C4="Adjustment_In"),M4,IF(OR(C4="Outbound",C4="Move",C4="Adjustment_Out",C4="Prepared"),L4,""))) -> R1-2-1-R | R4: =IF(C4="","",IF(C4="Return_to_Repair",J4,"")) | S4: =IF(C4="","",IF(C4="Prepared",0,IF(OR(C4="Opening",C4="Inbound",C4="Return_to_Repair",C4="Adjustment_In"),K4,IF(OR(C4="Outbound",C4="Adjustment_Out",C4="Move"),-K4,0)))) -> 42 | T4: =IF(Q4="","",Q4&"|"&F4&"|"&G4&"|"&R4&"|"&P4) -> R1-2-1-R||41-406-00002-00||Material / 物料 | U4: Formula helper / 公式辅助 | V4: Opening balance imported from SYD_Basic_Stock_Capture_Template (1).xlsx | W4: =IF(A4="","",IF(AND(Z4="Yes",P4=""),"Missing stock condition / 缺库存属性",IF(AND(P4="New / 新机",C4="Return_to_Repair"),"New/repair conflict / 新机维修冲突","OK"))) -> OK | X4: =IF(OR(C4="",D4=""),0,IF(COUNTIFS($C$2:C4,C4,$D$2:D4,D4)=1,1,0)) -> 0 | Y4: =IF(AND(C4="Outbound",D4<>"",COUNTIFS($C$2:C4,"Outbound",$D$2:D4,D4)=1,COUNTIFS($C$2:$C994,"Return_to_Repair",$D$2:$D994,D4)=0),1,0) -> 0 | Z4: =IF(G4="","",IFERROR(VLOOKUP(G4,'Product_Stock_Master产品维护'!$A$2:$L992,11,FALSE),"No")) -> No | AA4: =IF(G4="","",IFERROR(VLOOKUP(G4,'Product_Stock_Master产品维护'!$A$2:$L992,12,FALSE),""))
A5: 2026-07-15 | C5: Opening | G5: 20-051-00080-00 | H5: =IF(G5="","",IFERROR(VLOOKUP(G5,'Product_Stock_Master产品维护'!$A$2:$E992,2,FALSE()),"SKU not found")) -> 线束半成品 功率线 62930 IEC 131 1x16.0 mm² 红/黑 DC1500V 90℃ VW-1 CQ6-安费诺-正负极外部动力线-光伏线5米PV | I5: =IF(G5="","",IFERROR(VLOOKUP(G5,'Product_Stock_Master产品维护'!$A$2:$E992,3,FALSE()),"Item type not found")) -> Material | K5: 130 | M5: R1-3-1-L | O5: =IF(C5="","",IF(AND(G5="",NOT(AND(C5="Adjustment_In",P5="Material / 物料"))),"Missing SKU / 缺料号",IF(K5="","Missing Qty / 缺数量",IF(AND(I5="Product",OR(C5="Outbound",C5="Return_to_Repair"),J5=""),"Missing SN for product outbound/return / 成品出库或维修回退缺SN",IF(C5="Move",IF(OR(L5="",M5=""),"Missing Move location / 移库缺来源或目标库位","OK"),IF(OR(C5="Opening",C5="Inbound",C5="Return_to_Repair",C5="Adjustment_In"),IF(M5="","Missing To Location / 缺目标库位","OK"),IF(OR(C5="Outbound",C5="Adjustment_Out",C5="Prepared"),IF(L5="","Missing From Location / 缺来源库位","OK"),"OK"))))))) -> OK | P5: Material / 物料 | Q5: =IF(C5="","",IF(OR(C5="Opening",C5="Inbound",C5="Return_to_Repair",C5="Adjustment_In"),M5,IF(OR(C5="Outbound",C5="Move",C5="Adjustment_Out",C5="Prepared"),L5,""))) -> R1-3-1-L | R5: =IF(C5="","",IF(C5="Return_to_Repair",J5,"")) | S5: =IF(C5="","",IF(C5="Prepared",0,IF(OR(C5="Opening",C5="Inbound",C5="Return_to_Repair",C5="Adjustment_In"),K5,IF(OR(C5="Outbound",C5="Adjustment_Out",C5="Move"),-K5,0)))) -> 130 | T5: =IF(Q5="","",Q5&"|"&F5&"|"&G5&"|"&R5&"|"&P5) -> R1-3-1-L||20-051-00080-00||Material / 物料 | U5: Formula helper / 公式辅助 | V5: Opening balance imported from SYD_Basic_Stock_Capture_Template (1).xlsx | W5: =IF(A5="","",IF(AND(Z5="Yes",P5=""),"Missing stock condition / 缺库存属性",IF(AND(P5="New / 新机",C5="Return_to_Repair"),"New/repair conflict / 新机维修冲突","OK"))) -> OK | X5: =IF(OR(C5="",D5=""),0,IF(COUNTIFS($C$2:C5,C5,$D$2:D5,D5)=1,1,0)) -> 0 | Y5: =IF(AND(C5="Outbound",D5<>"",COUNTIFS($C$2:C5,"Outbound",$D$2:D5,D5)=1,COUNTIFS($C$2:$C995,"Return_to_Repair",$D$2:$D995,D5)=0),1,0) -> 0 | Z5: =IF(G5="","",IFERROR(VLOOKUP(G5,'Product_Stock_Master产品维护'!$A$2:$L992,11,FALSE),"No")) -> No | AA5: =IF(G5="","",IFERROR(VLOOKUP(G5,'Product_Stock_Master产品维护'!$A$2:$L992,12,FALSE),""))
A6: 2026-07-15 | C6: Opening | G6: 41-406-00002-00 | H6: =IF(G6="","",IFERROR(VLOOKUP(G6,'Product_Stock_Master产品维护'!$A$2:$E992,2,FALSE()),"SKU not found")) -> H3 Smart遮线罩 | I6: =IF(G6="","",IFERROR(VLOOKUP(G6,'Product_Stock_Master产品维护'!$A$2:$E992,3,FALSE()),"Item type not found")) -> Material | K6: 42 | M6: R1-3-1-M | O6: =IF(C6="","",IF(AND(G6="",NOT(AND(C6="Adjustment_In",P6="Material / 物料"))),"Missing SKU / 缺料号",IF(K6="","Missing Qty / 缺数量",IF(AND(I6="Product",OR(C6="Outbound",C6="Return_to_Repair"),J6=""),"Missing SN for product outbound/return / 成品出库或维修回退缺SN",IF(C6="Move",IF(OR(L6="",M6=""),"Missing Move location / 移库缺来源或目标库位","OK"),IF(OR(C6="Opening",C6="Inbound",C6="Return_to_Repair",C6="Adjustment_In"),IF(M6="","Missing To Location / 缺目标库位","OK"),IF(OR(C6="Outbound",C6="Adjustment_Out",C6="Prepared"),IF(L6="","Missing From Location / 缺来源库位","OK"),"OK"))))))) -> OK | P6: Material / 物料 | Q6: =IF(C6="","",IF(OR(C6="Opening",C6="Inbound",C6="Return_to_Repair",C6="Adjustment_In"),M6,IF(OR(C6="Outbound",C6="Move",C6="Adjustment_Out",C6="Prepared"),L6,""))) -> R1-3-1-M | R6: =IF(C6="","",IF(C6="Return_to_Repair",J6,"")) | S6: =IF(C6="","",IF(C6="Prepared",0,IF(OR(C6="Opening",C6="Inbound",C6="Return_to_Repair",C6="Adjustment_In"),K6,IF(OR(C6="Outbound",C6="Adjustment_Out",C6="Move"),-K6,0)))) -> 42 | T6: =IF(Q6="","",Q6&"|"&F6&"|"&G6&"|"&R6&"|"&P6) -> R1-3-1-M||41-406-00002-00||Material / 物料 | U6: Formula helper / 公式辅助 | V6: Opening balance imported from SYD_Basic_Stock_Capture_Template (1).xlsx | W6: =IF(A6="","",IF(AND(Z6="Yes",P6=""),"Missing stock condition / 缺库存属性",IF(AND(P6="New / 新机",C6="Return_to_Repair"),"New/repair conflict / 新机维修冲突","OK"))) -> OK | X6: =IF(OR(C6="",D6=""),0,IF(COUNTIFS($C$2:C6,C6,$D$2:D6,D6)=1,1,0)) -> 0 | Y6: =IF(AND(C6="Outbound",D6<>"",COUNTIFS($C$2:C6,"Outbound",$D$2:D6,D6)=1,COUNTIFS($C$2:$C996,"Return_to_Repair",$D$2:$D996,D6)=0),1,0) -> 0 | Z6: =IF(G6="","",IFERROR(VLOOKUP(G6,'Product_Stock_Master产品维护'!$A$2:$L992,11,FALSE),"No")) -> No | AA6: =IF(G6="","",IFERROR(VLOOKUP(G6,'Product_Stock_Master产品维护'!$A$2:$L992,12,FALSE),""))
A7: 2026-07-15 | C7: Opening | G7: 41-406-00002-00 | H7: =IF(G7="","",IFERROR(VLOOKUP(G7,'Product_Stock_Master产品维护'!$A$2:$E992,2,FALSE()),"SKU not found")) -> H3 Smart遮线罩 | I7: =IF(G7="","",IFERROR(VLOOKUP(G7,'Product_Stock_Master产品维护'!$A$2:$E992,3,FALSE()),"Item type not found")) -> Material | K7: 42 | M7: R1-3-1-R | O7: =IF(C7="","",IF(AND(G7="",NOT(AND(C7="Adjustment_In",P7="Material / 物料"))),"Missing SKU / 缺料号",IF(K7="","Missing Qty / 缺数量",IF(AND(I7="Product",OR(C7="Outbound",C7="Return_to_Repair"),J7=""),"Missing SN for product outbound/return / 成品出库或维修回退缺SN",IF(C7="Move",IF(OR(L7="",M7=""),"Missing Move location / 移库缺来源或目标库位","OK"),IF(OR(C7="Opening",C7="Inbound",C7="Return_to_Repair",C7="Adjustment_In"),IF(M7="","Missing To Location / 缺目标库位","OK"),IF(OR(C7="Outbound",C7="Adjustment_Out",C7="Prepared"),IF(L7="","Missing From Location / 缺来源库位","OK"),"OK"))))))) -> OK | P7: Material / 物料 | Q7: =IF(C7="","",IF(OR(C7="Opening",C7="Inbound",C7="Return_to_Repair",C7="Adjustment_In"),M7,IF(OR(C7="Outbound",C7="Move",C7="Adjustment_Out",C7="Prepared"),L7,""))) -> R1-3-1-R | R7: =IF(C7="","",IF(C7="Return_to_Repair",J7,"")) | S7: =IF(C7="","",IF(C7="Prepared",0,IF(OR(C7="Opening",C7="Inbound",C7="Return_to_Repair",C7="Adjustment_In"),K7,IF(OR(C7="Outbound",C7="Adjustment_Out",C7="Move"),-K7,0)))) -> 42 | T7: =IF(Q7="","",Q7&"|"&F7&"|"&G7&"|"&R7&"|"&P7) -> R1-3-1-R||41-406-00002-00||Material / 物料 | U7: Formula helper / 公式辅助 | V7: Opening balance imported from SYD_Basic_Stock_Capture_Template (1).xlsx | W7: =IF(A7="","",IF(AND(Z7="Yes",P7=""),"Missing stock condition / 缺库存属性",IF(AND(P7="New / 新机",C7="Return_to_Repair"),"New/repair conflict / 新机维修冲突","OK"))) -> OK | X7: =IF(OR(C7="",D7=""),0,IF(COUNTIFS($C$2:C7,C7,$D$2:D7,D7)=1,1,0)) -> 0 | Y7: =IF(AND(C7="Outbound",D7<>"",COUNTIFS($C$2:C7,"Outbound",$D$2:D7,D7)=1,COUNTIFS($C$2:$C997,"Return_to_Repair",$D$2:$D997,D7)=0),1,0) -> 0 | Z7: =IF(G7="","",IFERROR(VLOOKUP(G7,'Product_Stock_Master产品维护'!$A$2:$L992,11,FALSE),"No")) -> No | AA7: =IF(G7="","",IFERROR(VLOOKUP(G7,'Product_Stock_Master产品维护'!$A$2:$L992,12,FALSE),""))
A8: 2026-07-15 | C8: Opening | G8: 97-406-00017-00 | H8: =IF(G8="","",IFERROR(VLOOKUP(G8,'Product_Stock_Master产品维护'!$A$2:$E992,2,FALSE()),"SKU not found")) -> KH遮线罩 | I8: =IF(G8="","",IFERROR(VLOOKUP(G8,'Product_Stock_Master产品维护'!$A$2:$E992,3,FALSE()),"Item type not found")) -> Material | K8: 96 | M8: R1-4-1-L | O8: =IF(C8="","",IF(AND(G8="",NOT(AND(C8="Adjustment_In",P8="Material / 物料"))),"Missing SKU / 缺料号",IF(K8="","Missing Qty / 缺数量",IF(AND(I8="Product",OR(C8="Outbound",C8="Return_to_Repair"),J8=""),"Missing SN for product outbound/return / 成品出库或维修回退缺SN",IF(C8="Move",IF(OR(L8="",M8=""),"Missing Move location / 移库缺来源或目标库位","OK"),IF(OR(C8="Opening",C8="Inbound",C8="Return_to_Repair",C8="Adjustment_In"),IF(M8="","Missing To Location / 缺目标库位","OK"),IF(OR(C8="Outbound",C8="Adjustment_Out",C8="Prepared"),IF(L8="","Missing From Location / 缺来源库位","OK"),"OK"))))))) -> OK | P8: Material / 物料 | Q8: =IF(C8="","",IF(OR(C8="Opening",C8="Inbound",C8="Return_to_Repair",C8="Adjustment_In"),M8,IF(OR(C8="Outbound",C8="Move",C8="Adjustment_Out",C8="Prepared"),L8,""))) -> R1-4-1-L | R8: =IF(C8="","",IF(C8="Return_to_Repair",J8,"")) | S8: =IF(C8="","",IF(C8="Prepared",0,IF(OR(C8="Opening",C8="Inbound",C8="Return_to_Repair",C8="Adjustment_In"),K8,IF(OR(C8="Outbound",C8="Adjustment_Out",C8="Move"),-K8,0)))) -> 96 | T8: =IF(Q8="","",Q8&"|"&F8&"|"&G8&"|"&R8&"|"&P8) -> R1-4-1-L||97-406-00017-00||Material / 物料 | U8: Formula helper / 公式辅助 | V8: Opening balance imported from SYD_Basic_Stock_Capture_Template (1).xlsx | W8: =IF(A8="","",IF(AND(Z8="Yes",P8=""),"Missing stock condition / 缺库存属性",IF(AND(P8="New / 新机",C8="Return_to_Repair"),"New/repair conflict / 新机维修冲突","OK"))) -> OK | X8: =IF(OR(C8="",D8=""),0,IF(COUNTIFS($C$2:C8,C8,$D$2:D8,D8)=1,1,0)) -> 0 | Y8: =IF(AND(C8="Outbound",D8<>"",COUNTIFS($C$2:C8,"Outbound",$D$2:D8,D8)=1,COUNTIFS($C$2:$C998,"Return_to_Repair",$D$2:$D998,D8)=0),1,0) -> 0 | Z8: =IF(G8="","",IFERROR(VLOOKUP(G8,'Product_Stock_Master产品维护'!$A$2:$L992,11,FALSE),"No")) -> No | AA8: =IF(G8="","",IFERROR(VLOOKUP(G8,'Product_Stock_Master产品维护'!$A$2:$L992,12,FALSE),""))
A9: 2026-07-15 | C9: Opening | G9: 10-120-00471-00 | H9: =IF(G9="","",IFERROR(VLOOKUP(G9,'Product_Stock_Master产品维护'!$A$2:$E992,2,FALSE()),"SKU not found")) -> 保温棉 橡胶泡棉 -90° -180° V-0 黑色 1主8从 上保温棉+下保温棉+四周保温棉(4+5) 带纸箱 | I9: =IF(G9="","",IFERROR(VLOOKUP(G9,'Product_Stock_Master产品维护'!$A$2:$E992,3,FALSE()),"Item type not found")) -> Material | K9: 19 | M9: R1-4-1-R | O9: =IF(C9="","",IF(AND(G9="",NOT(AND(C9="Adjustment_In",P9="Material / 物料"))),"Missing SKU / 缺料号",IF(K9="","Missing Qty / 缺数量",IF(AND(I9="Product",OR(C9="Outbound",C9="Return_to_Repair"),J9=""),"Missing SN for product outbound/return / 成品出库或维修回退缺SN",IF(C9="Move",IF(OR(L9="",M9=""),"Missing Move location / 移库缺来源或目标库位","OK"),IF(OR(C9="Opening",C9="Inbound",C9="Return_to_Repair",C9="Adjustment_In"),IF(M9="","Missing To Location / 缺目标库位","OK"),IF(OR(C9="Outbound",C9="Adjustment_Out",C9="Prepared"),IF(L9="","Missing From Location / 缺来源库位","OK"),"OK"))))))) -> OK | P9: Material / 物料 | Q9: =IF(C9="","",IF(OR(C9="Opening",C9="Inbound",C9="Return_to_Repair",C9="Adjustment_In"),M9,IF(OR(C9="Outbound",C9="Move",C9="Adjustment_Out",C9="Prepared"),L9,""))) -> R1-4-1-R | R9: =IF(C9="","",IF(C9="Return_to_Repair",J9,"")) | S9: =IF(C9="","",IF(C9="Prepared",0,IF(OR(C9="Opening",C9="Inbound",C9="Return_to_Repair",C9="Adjustment_In"),K9,IF(OR(C9="Outbound",C9="Adjustment_Out",C9="Move"),-K9,0)))) -> 19 | T9: =IF(Q9="","",Q9&"|"&F9&"|"&G9&"|"&R9&"|"&P9) -> R1-4-1-R||10-120-00471-00||Material / 物料 | U9: Formula helper / 公式辅助 | V9: Opening balance imported from SYD_Basic_Stock_Capture_Template (1).xlsx | W9: =IF(A9="","",IF(AND(Z9="Yes",P9=""),"Missing stock condition / 缺库存属性",IF(AND(P9="New / 新机",C9="Return_to_Repair"),"New/repair conflict / 新机维修冲突","OK"))) -> OK | X9: =IF(OR(C9="",D9=""),0,IF(COUNTIFS($C$2:C9,C9,$D$2:D9,D9)=1,1,0)) -> 0 | Y9: =IF(AND(C9="Outbound",D9<>"",COUNTIFS($C$2:C9,"Outbound",$D$2:D9,D9)=1,COUNTIFS($C$2:$C999,"Return_to_Repair",$D$2:$D999,D9)=0),1,0) -> 0 | Z9: =IF(G9="","",IFERROR(VLOOKUP(G9,'Product_Stock_Master产品维护'!$A$2:$L992,11,FALSE),"No")) | AA9: =IF(G9="","",IFERROR(VLOOKUP(G9,'Product_Stock_Master产品维护'!$A$2:$L992,12,FALSE),""))
A10: 2026-07-15 | C10: Opening | G10: 41-406-00002-00 | H10: =IF(G10="","",IFERROR(VLOOKUP(G10,'Product_Stock_Master产品维护'!$A$2:$E992,2,FALSE()),"SKU not found")) -> H3 Smart遮线罩 | I10: =IF(G10="","",IFERROR(VLOOKUP(G10,'Product_Stock_Master产品维护'!$A$2:$E992,3,FALSE()),"Item type not found")) -> Material | K10: 42 | M10: R1-2-2-L | O10: =IF(C10="","",IF(AND(G10="",NOT(AND(C10="Adjustment_In",P10="Material / 物料"))),"Missing SKU / 缺料号",IF(K10="","Missing Qty / 缺数量",IF(AND(I10="Product",OR(C10="Outbound",C10="Return_to_Repair"),J10=""),"Missing SN for product outbound/return / 成品出库或维修回退缺SN",IF(C10="Move",IF(OR(L10="",M10=""),"Missing Move location / 移库缺来源或目标库位","OK"),IF(OR(C10="Opening",C10="Inbound",C10="Return_to_Repair",C10="Adjustment_In"),IF(M10="","Missing To Location / 缺目标库位","OK"),IF(OR(C10="Outbound",C10="Adjustment_Out",C10="Prepared"),IF(L10="","Missing From Location / 缺来源库位","OK"),"OK"))))))) -> OK | P10: Material / 物料 | Q10: =IF(C10="","",IF(OR(C10="Opening",C10="Inbound",C10="Return_to_Repair",C10="Adjustment_In"),M10,IF(OR(C10="Outbound",C10="Move",C10="Adjustment_Out",C10="Prepared"),L10,""))) -> R1-2-2-L | R10: =IF(C10="","",IF(C10="Return_to_Repair",J10,"")) | S10: =IF(C10="","",IF(C10="Prepared",0,IF(OR(C10="Opening",C10="Inbound",C10="Return_to_Repair",C10="Adjustment_In"),K10,IF(OR(C10="Outbound",C10="Adjustment_Out",C10="Move"),-K10,0)))) -> 42 | T10: =IF(Q10="","",Q10&"|"&F10&"|"&G10&"|"&R10&"|"&P10) -> R1-2-2-L||41-406-00002-00||Material / 物料 | U10: Formula helper / 公式辅助 | V10: Opening balance imported from SYD_Basic_Stock_Capture_Template (1).xlsx | W10: =IF(A10="","",IF(AND(Z10="Yes",P10=""),"Missing stock condition / 缺库存属性",IF(AND(P10="New / 新机",C10="Return_to_Repair"),"New/repair conflict / 新机维修冲突","OK"))) -> OK | X10: =IF(OR(C10="",D10=""),0,IF(COUNTIFS($C$2:C10,C10,$D$2:D10,D10)=1,1,0)) -> 0 | Y10: =IF(AND(C10="Outbound",D10<>"",COUNTIFS($C$2:C10,"Outbound",$D$2:D10,D10)=1,COUNTIFS($C$2:$C1000,"Return_to_Repair",$D$2:$D1000,D10)=0),1,0) -> 0 | Z10: =IF(G10="","",IFERROR(VLOOKUP(G10,'Product_Stock_Master产品维护'!$A$2:$L992,11,FALSE),"No")) -> No | AA10: =IF(G10="","",IFERROR(VLOOKUP(G10,'Product_Stock_Master产品维护'!$A$2:$L992,12,FALSE),""))
A11: 2026-07-15 | C11: Opening | G11: 41-406-00002-00 | H11: =IF(G11="","",IFERROR(VLOOKUP(G11,'Product_Stock_Master产品维护'!$A$2:$E992,2,FALSE()),"SKU not found")) -> H3 Smart遮线罩 | I11: =IF(G11="","",IFERROR(VLOOKUP(G11,'Product_Stock_Master产品维护'!$A$2:$E992,3,FALSE()),"Item type not found")) -> Material | K11: 42 | M11: R1-2-2-M | O11: =IF(C11="","",IF(AND(G11="",NOT(AND(C11="Adjustment_In",P11="Material / 物料"))),"Missing SKU / 缺料号",IF(K11="","Missing Qty / 缺数量",IF(AND(I11="Product",OR(C11="Outbound",C11="Return_to_Repair"),J11=""),"Missing SN for product outbound/return / 成品出库或维修回退缺SN",IF(C11="Move",IF(OR(L11="",M11=""),"Missing Move location / 移库缺来源或目标库位","OK"),IF(OR(C11="Opening",C11="Inbound",C11="Return_to_Repair",C11="Adjustment_In"),IF(M11="","Missing To Location / 缺目标库位","OK"),IF(OR(C11="Outbound",C11="Adjustment_Out",C11="Prepared"),IF(L11="","Missing From Location / 缺来源库位","OK"),"OK"))))))) -> OK | P11: Material / 物料 | Q11: =IF(C11="","",IF(OR(C11="Opening",C11="Inbound",C11="Return_to_Repair",C11="Adjustment_In"),M11,IF(OR(C11="Outbound",C11="Move",C11="Adjustment_Out",C11="Prepared"),L11,""))) -> R1-2-2-M | R11: =IF(C11="","",IF(C11="Return_to_Repair",J11,"")) | S11: =IF(C11="","",IF(C11="Prepared",0,IF(OR(C11="Opening",C11="Inbound",C11="Return_to_Repair",C11="Adjustment_In"),K11,IF(OR(C11="Outbound",C11="Adjustment_Out",C11="Move"),-K11,0)))) -> 42 | T11: =IF(Q11="","",Q11&"|"&F11&"|"&G11&"|"&R11&"|"&P11) -> R1-2-2-M||41-406-00002-00||Material / 物料 | U11: Formula helper / 公式辅助 | V11: Opening balance imported from SYD_Basic_Stock_Capture_Template (1).xlsx | W11: =IF(A11="","",IF(AND(Z11="Yes",P11=""),"Missing stock condition / 缺库存属性",IF(AND(P11="New / 新机",C11="Return_to_Repair"),"New/repair conflict / 新机维修冲突","OK"))) -> OK | X11: =IF(OR(C11="",D11=""),0,IF(COUNTIFS($C$2:C11,C11,$D$2:D11,D11)=1,1,0)) -> 0 | Y11: =IF(AND(C11="Outbound",D11<>"",COUNTIFS($C$2:C11,"Outbound",$D$2:D11,D11)=1,COUNTIFS($C$2:$C1001,"Return_to_Repair",$D$2:$D1001,D11)=0),1,0) -> 0 | Z11: =IF(G11="","",IFERROR(VLOOKUP(G11,'Product_Stock_Master产品维护'!$A$2:$L992,11,FALSE),"No")) -> No | AA11: =IF(G11="","",IFERROR(VLOOKUP(G11,'Product_Stock_Master产品维护'!$A$2:$L992,12,FALSE),""))
A12: 2026-07-15 | C12: Opening | G12: 41-406-00002-00 | H12: =IF(G12="","",IFERROR(VLOOKUP(G12,'Product_Stock_Master产品维护'!$A$2:$E992,2,FALSE()),"SKU not found")) -> H3 Smart遮线罩 | I12: =IF(G12="","",IFERROR(VLOOKUP(G12,'Product_Stock_Master产品维护'!$A$2:$E992,3,FALSE()),"Item type not found")) -> Material | K12: 42 | M12: R1-2-2-R | O12: =IF(C12="","",IF(AND(G12="",NOT(AND(C12="Adjustment_In",P12="Material / 物料"))),"Missing SKU / 缺料号",IF(K12="","Missing Qty / 缺数量",IF(AND(I12="Product",OR(C12="Outbound",C12="Return_to_Repair"),J12=""),"Missing SN for product outbound/return / 成品出库或维修回退缺SN",IF(C12="Move",IF(OR(L12="",M12=""),"Missing Move location / 移库缺来源或目标库位","OK"),IF(OR(C12="Opening",C12="Inbound",C12="Return_to_Repair",C12="Adjustment_In"),IF(M12="","Missing To Location / 缺目标库位","OK"),IF(OR(C12="Outbound",C12="Adjustment_Out",C12="Prepared"),IF(L12="","Missing From Location / 缺来源库位","OK"),"OK"))))))) -> OK | P12: Material / 物料 | Q12: =IF(C12="","",IF(OR(C12="Opening",C12="Inbound",C12="Return_to_Repair",C12="Adjustment_In"),M12,IF(OR(C12="Outbound",C12="Move",C12="Adjustment_Out",C12="Prepared"),L12,""))) -> R1-2-2-R | R12: =IF(C12="","",IF(C12="Return_to_Repair",J12,"")) | S12: =IF(C12="","",IF(C12="Prepared",0,IF(OR(C12="Opening",C12="Inbound",C12="Return_to_Repair",C12="Adjustment_In"),K12,IF(OR(C12="Outbound",C12="Adjustment_Out",C12="Move"),-K12,0)))) -> 42 | T12: =IF(Q12="","",Q12&"|"&F12&"|"&G12&"|"&R12&"|"&P12) -> R1-2-2-R||41-406-00002-00||Material / 物料 | U12: Formula helper / 公式辅助 | V12: Opening balance imported from SYD_Basic_Stock_Capture_Template (1).xlsx | W12: =IF(A12="","",IF(AND(Z12="Yes",P12=""),"Missing stock condition / 缺库存属性",IF(AND(P12="New / 新机",C12="Return_to_Repair"),"New/repair conflict / 新机维修冲突","OK"))) -> OK | X12: =IF(OR(C12="",D12=""),0,IF(COUNTIFS($C$2:C12,C12,$D$2:D12,D12)=1,1,0)) -> 0 | Y12: =IF(AND(C12="Outbound",D12<>"",COUNTIFS($C$2:C12,"Outbound",$D$2:D12,D12)=1,COUNTIFS($C$2:$C1002,"Return_to_Repair",$D$2:$D1002,D12)=0),1,0) -> 0 | Z12: =IF(G12="","",IFERROR(VLOOKUP(G12,'Product_Stock_Master产品维护'!$A$2:$L992,11,FALSE),"No")) -> No | AA12: =IF(G12="","",IFERROR(VLOOKUP(G12,'Product_Stock_Master产品维护'!$A$2:$L992,12,FALSE),""))
A13: 2026-07-15 | C13: Opening | G13: 41-406-00002-00 | H13: =IF(G13="","",IFERROR(VLOOKUP(G13,'Product_Stock_Master产品维护'!$A$2:$E992,2,FALSE()),"SKU not found")) -> H3 Smart遮线罩 | I13: =IF(G13="","",IFERROR(VLOOKUP(G13,'Product_Stock_Master产品维护'!$A$2:$E992,3,FALSE()),"Item type not found")) -> Material | K13: 42 | M13: R1-3-2-L | O13: =IF(C13="","",IF(AND(G13="",NOT(AND(C13="Adjustment_In",P13="Material / 物料"))),"Missing SKU / 缺料号",IF(K13="","Missing Qty / 缺数量",IF(AND(I13="Product",OR(C13="Outbound",C13="Return_to_Repair"),J13=""),"Missing SN for product outbound/return / 成品出库或维修回退缺SN",IF(C13="Move",IF(OR(L13="",M13=""),"Missing Move location / 移库缺来源或目标库位","OK"),IF(OR(C13="Opening",C13="Inbound",C13="Return_to_Repair",C13="Adjustment_In"),IF(M13="","Missing To Location / 缺目标库位","OK"),IF(OR(C13="Outbound",C13="Adjustment_Out",C13="Prepared"),IF(L13="","Missing From Location / 缺来源库位","OK"),"OK"))))))) -> OK | P13: Material / 物料 | Q13: =IF(C13="","",IF(OR(C13="Opening",C13="Inbound",C13="Return_to_Repair",C13="Adjustment_In"),M13,IF(OR(C13="Outbound",C13="Move",C13="Adjustment_Out",C13="Prepared"),L13,""))) -> R1-3-2-L | R13: =IF(C13="","",IF(C13="Return_to_Repair",J13,"")) | S13: =IF(C13="","",IF(C13="Prepared",0,IF(OR(C13="Opening",C13="Inbound",C13="Return_to_Repair",C13="Adjustment_In"),K13,IF(OR(C13="Outbound",C13="Adjustment_Out",C13="Move"),-K13,0)))) -> 42 | T13: =IF(Q13="","",Q13&"|"&F13&"|"&G13&"|"&R13&"|"&P13) -> R1-3-2-L||41-406-00002-00||Material / 物料 | U13: Formula helper / 公式辅助 | V13: Opening balance imported from SYD_Basic_Stock_Capture_Template (1).xlsx | W13: =IF(A13="","",IF(AND(Z13="Yes",P13=""),"Missing stock condition / 缺库存属性",IF(AND(P13="New / 新机",C13="Return_to_Repair"),"New/repair conflict / 新机维修冲突","OK"))) -> OK | X13: =IF(OR(C13="",D13=""),0,IF(COUNTIFS($C$2:C13,C13,$D$2:D13,D13)=1,1,0)) -> 0 | Y13: =IF(AND(C13="Outbound",D13<>"",COUNTIFS($C$2:C13,"Outbound",$D$2:D13,D13)=1,COUNTIFS($C$2:$C1003,"Return_to_Repair",$D$2:$D1003,D13)=0),1,0) -> 0 | Z13: =IF(G13="","",IFERROR(VLOOKUP(G13,'Product_Stock_Master产品维护'!$A$2:$L992,11,FALSE),"No")) -> No | AA13: =IF(G13="","",IFERROR(VLOOKUP(G13,'Product_Stock_Master产品维护'!$A$2:$L992,12,FALSE),""))
A14: 2026-07-15 | C14: Opening | G14: 41-406-00002-00 | H14: =IF(G14="","",IFERROR(VLOOKUP(G14,'Product_Stock_Master产品维护'!$A$2:$E992,2,FALSE()),"SKU not found")) -> H3 Smart遮线罩 | I14: =IF(G14="","",IFERROR(VLOOKUP(G14,'Product_Stock_Master产品维护'!$A$2:$E992,3,FALSE()),"Item type not found")) -> Material | K14: 42 | M14: R1-3-2-M | O14: =IF(C14="","",IF(AND(G14="",NOT(AND(C14="Adjustment_In",P14="Material / 物料"))),"Missing SKU / 缺料号",IF(K14="","Missing Qty / 缺数量",IF(AND(I14="Product",OR(C14="Outbound",C14="Return_to_Repair"),J14=""),"Missing SN for product outbound/return / 成品出库或维修回退缺SN",IF(C14="Move",IF(OR(L14="",M14=""),"Missing Move location / 移库缺来源或目标库位","OK"),IF(OR(C14="Opening",C14="Inbound",C14="Return_to_Repair",C14="Adjustment_In"),IF(M14="","Missing To Location / 缺目标库位","OK"),IF(OR(C14="Outbound",C14="Adjustment_Out",C14="Prepared"),IF(L14="","Missing From Location / 缺来源库位","OK"),"OK"))))))) -> OK | P14: Material / 物料 | Q14: =IF(C14="","",IF(OR(C14="Opening",C14="Inbound",C14="Return_to_Repair",C14="Adjustment_In"),M14,IF(OR(C14="Outbound",C14="Move",C14="Adjustment_Out",C14="Prepared"),L14,""))) -> R1-3-2-M | R14: =IF(C14="","",IF(C14="Return_to_Repair",J14,"")) | S14: =IF(C14="","",IF(C14="Prepared",0,IF(OR(C14="Opening",C14="Inbound",C14="Return_to_Repair",C14="Adjustment_In"),K14,IF(OR(C14="Outbound",C14="Adjustment_Out",C14="Move"),-K14,0)))) -> 42 | T14: =IF(Q14="","",Q14&"|"&F14&"|"&G14&"|"&R14&"|"&P14) -> R1-3-2-M||41-406-00002-00||Material / 物料 | U14: Formula helper / 公式辅助 | V14: Opening balance imported from SYD_Basic_Stock_Capture_Template (1).xlsx | W14: =IF(A14="","",IF(AND(Z14="Yes",P14=""),"Missing stock condition / 缺库存属性",IF(AND(P14="New / 新机",C14="Return_to_Repair"),"New/repair conflict / 新机维修冲突","OK"))) -> OK | X14: =IF(OR(C14="",D14=""),0,IF(COUNTIFS($C$2:C14,C14,$D$2:D14,D14)=1,1,0)) -> 0 | Y14: =IF(AND(C14="Outbound",D14<>"",COUNTIFS($C$2:C14,"Outbound",$D$2:D14,D14)=1,COUNTIFS($C$2:$C1004,"Return_to_Repair",$D$2:$D1004,D14)=0),1,0) -> 0 | Z14: =IF(G14="","",IFERROR(VLOOKUP(G14,'Product_Stock_Master产品维护'!$A$2:$L992,11,FALSE),"No")) -> No | AA14: =IF(G14="","",IFERROR(VLOOKUP(G14,'Product_Stock_Master产品维护'!$A$2:$L992,12,FALSE),""))
A15: 2026-07-15 | C15: Opening | G15: 41-406-00002-00 | H15: =IF(G15="","",IFERROR(VLOOKUP(G15,'Product_Stock_Master产品维护'!$A$2:$E992,2,FALSE()),"SKU not found")) -> H3 Smart遮线罩 | I15: =IF(G15="","",IFERROR(VLOOKUP(G15,'Product_Stock_Master产品维护'!$A$2:$E992,3,FALSE()),"Item type not found")) -> Material | K15: 42 | M15: R1-3-2-R | O15: =IF(C15="","",IF(AND(G15="",NOT(AND(C15="Adjustment_In",P15="Material / 物料"))),"Missing SKU / 缺料号",IF(K15="","Missing Qty / 缺数量",IF(AND(I15="Product",OR(C15="Outbound",C15="Return_to_Repair"),J15=""),"Missing SN for product outbound/return / 成品出库或维修回退缺SN",IF(C15="Move",IF(OR(L15="",M15=""),"Missing Move location / 移库缺来源或目标库位","OK"),IF(OR(C15="Opening",C15="Inbound",C15="Return_to_Repair",C15="Adjustment_In"),IF(M15="","Missing To Location / 缺目标库位","OK"),IF(OR(C15="Outbound",C15="Adjustment_Out",C15="Prepared"),IF(L15="","Missing From Location / 缺来源库位","OK"),"OK"))))))) -> OK | P15: Material / 物料 | Q15: =IF(C15="","",IF(OR(C15="Opening",C15="Inbound",C15="Return_to_Repair",C15="Adjustment_In"),M15,IF(OR(C15="Outbound",C15="Move",C15="Adjustment_Out",C15="Prepared"),L15,""))) -> R1-3-2-R | R15: =IF(C15="","",IF(C15="Return_to_Repair",J15,"")) | S15: =IF(C15="","",IF(C15="Prepared",0,IF(OR(C15="Opening",C15="Inbound",C15="Return_to_Repair",C15="Adjustment_In"),K15,IF(OR(C15="Outbound",C15="Adjustment_Out",C15="Move"),-K15,0)))) -> 42 | T15: =IF(Q15="","",Q15&"|"&F15&"|"&G15&"|"&R15&"|"&P15) -> R1-3-2-R||41-406-00002-00||Material / 物料 | U15: Formula helper / 公式辅助 | V15: Opening balance imported from SYD_Basic_Stock_Capture_Template (1).xlsx | W15: =IF(A15="","",IF(AND(Z15="Yes",P15=""),"Missing stock condition / 缺库存属性",IF(AND(P15="New / 新机",C15="Return_to_Repair"),"New/repair conflict / 新机维修冲突","OK"))) -> OK | X15: =IF(OR(C15="",D15=""),0,IF(COUNTIFS($C$2:C15,C15,$D$2:D15,D15)=1,1,0)) -> 0 | Y15: =IF(AND(C15="Outbound",D15<>"",COUNTIFS($C$2:C15,"Outbound",$D$2:D15,D15)=1,COUNTIFS($C$2:$C1005,"Return_to_Repair",$D$2:$D1005,D15)=0),1,0) -> 0 | Z15: =IF(G15="","",IFERROR(VLOOKUP(G15,'Product_Stock_Master产品维护'!$A$2:$L992,11,FALSE),"No")) -> No | AA15: =IF(G15="","",IFERROR(VLOOKUP(G15,'Product_Stock_Master产品维护'!$A$2:$L992,12,FALSE),""))
A16: 2026-07-15 | C16: Opening | G16: 97-406-00017-00 | H16: =IF(G16="","",IFERROR(VLOOKUP(G16,'Product_Stock_Master产品维护'!$A$2:$E992,2,FALSE()),"SKU not found")) -> KH遮线罩 | I16: =IF(G16="","",IFERROR(VLOOKUP(G16,'Product_Stock_Master产品维护'!$A$2:$E992,3,FALSE()),"Item type not found")) -> Material | K16: 96 | M16: R1-4-2-L | O16: =IF(C16="","",IF(AND(G16="",NOT(AND(C16="Adjustment_In",P16="Material / 物料"))),"Missing SKU / 缺料号",IF(K16="","Missing Qty / 缺数量",IF(AND(I16="Product",OR(C16="Outbound",C16="Return_to_Repair"),J16=""),"Missing SN for product outbound/return / 成品出库或维修回退缺SN",IF(C16="Move",IF(OR(L16="",M16=""),"Missing Move location / 移库缺来源或目标库位","OK"),IF(OR(C16="Opening",C16="Inbound",C16="Return_to_Repair",C16="Adjustment_In"),IF(M16="","Missing To Location / 缺目标库位","OK"),IF(OR(C16="Outbound",C16="Adjustment_Out",C16="Prepared"),IF(L16="","Missing From Location / 缺来源库位","OK"),"OK"))))))) -> OK | P16: Material / 物料 | Q16: =IF(C16="","",IF(OR(C16="Opening",C16="Inbound",C16="Return_to_Repair",C16="Adjustment_In"),M16,IF(OR(C16="Outbound",C16="Move",C16="Adjustment_Out",C16="Prepared"),L16,""))) -> R1-4-2-L | R16: =IF(C16="","",IF(C16="Return_to_Repair",J16,"")) | S16: =IF(C16="","",IF(C16="Prepared",0,IF(OR(C16="Opening",C16="Inbound",C16="Return_to_Repair",C16="Adjustment_In"),K16,IF(OR(C16="Outbound",C16="Adjustment_Out",C16="Move"),-K16,0)))) -> 96 | T16: =IF(Q16="","",Q16&"|"&F16&"|"&G16&"|"&R16&"|"&P16) -> R1-4-2-L||97-406-00017-00||Material / 物料 | U16: Formula helper / 公式辅助 | V16: Opening balance imported from SYD_Basic_Stock_Capture_Template (1).xlsx | W16: =IF(A16="","",IF(AND(Z16="Yes",P16=""),"Missing stock condition / 缺库存属性",IF(AND(P16="New / 新机",C16="Return_to_Repair"),"New/repair conflict / 新机维修冲突","OK"))) -> OK | X16: =IF(OR(C16="",D16=""),0,IF(COUNTIFS($C$2:C16,C16,$D$2:D16,D16)=1,1,0)) -> 0 | Y16: =IF(AND(C16="Outbound",D16<>"",COUNTIFS($C$2:C16,"Outbound",$D$2:D16,D16)=1,COUNTIFS($C$2:$C1006,"Return_to_Repair",$D$2:$D1006,D16)=0),1,0) -> 0 | Z16: =IF(G16="","",IFERROR(VLOOKUP(G16,'Product_Stock_Master产品维护'!$A$2:$L992,11,FALSE),"No")) -> No | AA16: =IF(G16="","",IFERROR(VLOOKUP(G16,'Product_Stock_Master产品维护'!$A$2:$L992,12,FALSE),""))
A17: 2026-07-15 | C17: Opening | G17: 10-120-00471-00 | H17: =IF(G17="","",IFERROR(VLOOKUP(G17,'Product_Stock_Master产品维护'!$A$2:$E992,2,FALSE()),"SKU not found")) -> 保温棉 橡胶泡棉 -90° -180° V-0 黑色 1主8从 上保温棉+下保温棉+四周保温棉(4+5) 带纸箱 | I17: =IF(G17="","",IFERROR(VLOOKUP(G17,'Product_Stock_Master产品维护'!$A$2:$E992,3,FALSE()),"Item type not found")) -> Material | K17: 20 | M17: R1-4-2-R | O17: =IF(C17="","",IF(AND(G17="",NOT(AND(C17="Adjustment_In",P17="Material / 物料"))),"Missing SKU / 缺料号",IF(K17="","Missing Qty / 缺数量",IF(AND(I17="Product",OR(C17="Outbound",C17="Return_to_Repair"),J17=""),"Missing SN for product outbound/return / 成品出库或维修回退缺SN",IF(C17="Move",IF(OR(L17="",M17=""),"Missing Move location / 移库缺来源或目标库位","OK"),IF(OR(C17="Opening",C17="Inbound",C17="Return_to_Repair",C17="Adjustment_In"),IF(M17="","Missing To Location / 缺目标库位","OK"),IF(OR(C17="Outbound",C17="Adjustment_Out",C17="Prepared"),IF(L17="","Missing From Location / 缺来源库位","OK"),"OK"))))))) -> OK | P17: Material / 物料 | Q17: =IF(C17="","",IF(OR(C17="Opening",C17="Inbound",C17="Return_to_Repair",C17="Adjustment_In"),M17,IF(OR(C17="Outbound",C17="Move",C17="Adjustment_Out",C17="Prepared"),L17,""))) -> R1-4-2-R | R17: =IF(C17="","",IF(C17="Return_to_Repair",J17,"")) | S17: =IF(C17="","",IF(C17="Prepared",0,IF(OR(C17="Opening",C17="Inbound",C17="Return_to_Repair",C17="Adjustment_In"),K17,IF(OR(C17="Outbound",C17="Adjustment_Out",C17="Move"),-K17,0)))) -> 20 | T17: =IF(Q17="","",Q17&"|"&F17&"|"&G17&"|"&R17&"|"&P17) -> R1-4-2-R||10-120-00471-00||Material / 物料 | U17: Formula helper / 公式辅助 | V17: Opening balance imported from SYD_Basic_Stock_Capture_Template (1).xlsx | W17: =IF(A17="","",IF(AND(Z17="Yes",P17=""),"Missing stock condition / 缺库存属性",IF(AND(P17="New / 新机",C17="Return_to_Repair"),"New/repair conflict / 新机维修冲突","OK"))) -> OK | X17: =IF(OR(C17="",D17=""),0,IF(COUNTIFS($C$2:C17,C17,$D$2:D17,D17)=1,1,0)) -> 0 | Y17: =IF(AND(C17="Outbound",D17<>"",COUNTIFS($C$2:C17,"Outbound",$D$2:D17,D17)=1,COUNTIFS($C$2:$C1007,"Return_to_Repair",$D$2:$D1007,D17)=0),1,0) -> 0 | Z17: =IF(G17="","",IFERROR(VLOOKUP(G17,'Product_Stock_Master产品维护'!$A$2:$L992,11,FALSE),"No")) | AA17: =IF(G17="","",IFERROR(VLOOKUP(G17,'Product_Stock_Master产品维护'!$A$2:$L992,12,FALSE),""))
A18: 2026-07-15 | C18: Opening | G18: 41-406-00002-00 | H18: =IF(G18="","",IFERROR(VLOOKUP(G18,'Product_Stock_Master产品维护'!$A$2:$E992,2,FALSE()),"SKU not found")) -> H3 Smart遮线罩 | I18: =IF(G18="","",IFERROR(VLOOKUP(G18,'Product_Stock_Master产品维护'!$A$2:$E992,3,FALSE()),"Item type not found")) -> Material | K18: 42 | M18: R1-2-3-L | O18: =IF(C18="","",IF(AND(G18="",NOT(AND(C18="Adjustment_In",P18="Material / 物料"))),"Missing SKU / 缺料号",IF(K18="","Missing Qty / 缺数量",IF(AND(I18="Product",OR(C18="Outbound",C18="Return_to_Repair"),J18=""),"Missing SN for product outbound/return / 成品出库或维修回退缺SN",IF(C18="Move",IF(OR(L18="",M18=""),"Missing Move location / 移库缺来源或目标库位","OK"),IF(OR(C18="Opening",C18="Inbound",C18="Return_to_Repair",C18="Adjustment_In"),IF(M18="","Missing To Location / 缺目标库位","OK"),IF(OR(C18="Outbound",C18="Adjustment_Out",C18="Prepared"),IF(L18="","Missing From Location / 缺来源库位","OK"),"OK"))))))) -> OK | P18: Material / 物料 | Q18: =IF(C18="","",IF(OR(C18="Opening",C18="Inbound",C18="Return_to_Repair",C18="Adjustment_In"),M18,IF(OR(C18="Outbound",C18="Move",C18="Adjustment_Out",C18="Prepared"),L18,""))) -> R1-2-3-L | R18: =IF(C18="","",IF(C18="Return_to_Repair",J18,"")) | S18: =IF(C18="","",IF(C18="Prepared",0,IF(OR(C18="Opening",C18="Inbound",C18="Return_to_Repair",C18="Adjustment_In"),K18,IF(OR(C18="Outbound",C18="Adjustment_Out",C18="Move"),-K18,0)))) -> 42 | T18: =IF(Q18="","",Q18&"|"&F18&"|"&G18&"|"&R18&"|"&P18) -> R1-2-3-L||41-406-00002-00||Material / 物料 | U18: Formula helper / 公式辅助 | V18: Opening balance imported from SYD_Basic_Stock_Capture_Template (1).xlsx | W18: =IF(A18="","",IF(AND(Z18="Yes",P18=""),"Missing stock condition / 缺库存属性",IF(AND(P18="New / 新机",C18="Return_to_Repair"),"New/repair conflict / 新机维修冲突","OK"))) -> OK | X18: =IF(OR(C18="",D18=""),0,IF(COUNTIFS($C$2:C18,C18,$D$2:D18,D18)=1,1,0)) -> 0 | Y18: =IF(AND(C18="Outbound",D18<>"",COUNTIFS($C$2:C18,"Outbound",$D$2:D18,D18)=1,COUNTIFS($C$2:$C1008,"Return_to_Repair",$D$2:$D1008,D18)=0),1,0) -> 0 | Z18: =IF(G18="","",IFERROR(VLOOKUP(G18,'Product_Stock_Master产品维护'!$A$2:$L992,11,FALSE),"No")) -> No | AA18: =IF(G18="","",IFERROR(VLOOKUP(G18,'Product_Stock_Master产品维护'!$A$2:$L992,12,FALSE),""))
A19: 2026-07-17 | C19: Outbound | G19: 41-406-00002-00 | H19: =IF(G19="","",IFERROR(VLOOKUP(G19,'Product_Stock_Master产品维护'!$A$2:$E992,2,FALSE()),"SKU not found")) -> H3 Smart遮线罩 | I19: =IF(G19="","",IFERROR(VLOOKUP(G19,'Product_Stock_Master产品维护'!$A$2:$E992,3,FALSE()),"Item type not found")) -> Material | K19: 42 | L19: R1-2-2-R | O19: =IF(C19="","",IF(AND(G19="",NOT(AND(C19="Adjustment_In",P19="Material / 物料"))),"Missing SKU / 缺料号",IF(K19="","Missing Qty / 缺数量",IF(AND(I19="Product",OR(C19="Outbound",C19="Return_to_Repair"),J19=""),"Missing SN for product outbound/return / 成品出库或维修回退缺SN",IF(C19="Move",IF(OR(L19="",M19=""),"Missing Move location / 移库缺来源或目标库位","OK"),IF(OR(C19="Opening",C19="Inbound",C19="Return_to_Repair",C19="Adjustment_In"),IF(M19="","Missing To Location / 缺目标库位","OK"),IF(OR(C19="Outbound",C19="Adjustment_Out",C19="Prepared"),IF(L19="","Missing From Location / 缺来源库位","OK"),"OK"))))))) -> OK | P19: Material / 物料 | Q19: =IF(C19="","",IF(OR(C19="Opening",C19="Inbound",C19="Return_to_Repair",C19="Adjustment_In"),M19,IF(OR(C19="Outbound",C19="Move",C19="Adjustment_Out",C19="Prepared"),L19,""))) -> R1-2-2-R | R19: =IF(C19="","",IF(C19="Return_to_Repair",J19,"")) | S19: =IF(C19="","",IF(C19="Prepared",0,IF(OR(C19="Opening",C19="Inbound",C19="Return_to_Repair",C19="Adjustment_In"),K19,IF(OR(C19="Outbound",C19="Adjustment_Out",C19="Move"),-K19,0)))) -> -42 | T19: =IF(Q19="","",Q19&"|"&F19&"|"&G19&"|"&R19&"|"&P19) -> R1-2-2-R||41-406-00002-00||Material / 物料 | U19: Formula helper / 公式辅助 | V19: Outbound full qty from R1-2-2-R per request | W19: =IF(A19="","",IF(AND(Z19="Yes",P19=""),"Missing stock condition / 缺库存属性",IF(AND(P19="New / 新机",C19="Return_to_Repair"),"New/repair conflict / 新机维修冲突","OK"))) -> OK | X19: =IF(OR(C19="",D19=""),0,IF(COUNTIFS($C$2:C19,C19,$D$2:D19,D19)=1,1,0)) -> 0 | Y19: =IF(AND(C19="Outbound",D19<>"",COUNTIFS($C$2:C19,"Outbound",$D$2:D19,D19)=1,COUNTIFS($C$2:$C1009,"Return_to_Repair",$D$2:$D1009,D19)=0),1,0) -> 0 | Z19: =IF(G19="","",IFERROR(VLOOKUP(G19,'Product_Stock_Master产品维护'!$A$2:$L992,11,FALSE),"No")) -> No | AA19: =IF(G19="","",IFERROR(VLOOKUP(G19,'Product_Stock_Master产品维护'!$A$2:$L992,12,FALSE),""))
A20: 2026-07-17 | C20: Outbound | G20: 41-406-00002-00 | H20: =IF(G20="","",IFERROR(VLOOKUP(G20,'Product_Stock_Master产品维护'!$A$2:$E992,2,FALSE()),"SKU not found")) -> H3 Smart遮线罩 | I20: =IF(G20="","",IFERROR(VLOOKUP(G20,'Product_Stock_Master产品维护'!$A$2:$E992,3,FALSE()),"Item type not found")) -> Material | K20: 2 | L20: R1-2-2-M | O20: =IF(C20="","",IF(AND(G20="",NOT(AND(C20="Adjustment_In",P20="Material / 物料"))),"Missing SKU / 缺料号",IF(K20="","Missing Qty / 缺数量",IF(AND(I20="Product",OR(C20="Outbound",C20="Return_to_Repair"),J20=""),"Missing SN for product outbound/return / 成品出库或维修回退缺SN",IF(C20="Move",IF(OR(L20="",M20=""),"Missing Move location / 移库缺来源或目标库位","OK"),IF(OR(C20="Opening",C20="Inbound",C20="Return_to_Repair",C20="Adjustment_In"),IF(M20="","Missing To Location / 缺目标库位","OK"),IF(OR(C20="Outbound",C20="Adjustment_Out",C20="Prepared"),IF(L20="","Missing From Location / 缺来源库位","OK"),"OK"))))))) -> OK | P20: Material / 物料 | Q20: =IF(C20="","",IF(OR(C20="Opening",C20="Inbound",C20="Return_to_Repair",C20="Adjustment_In"),M20,IF(OR(C20="Outbound",C20="Move",C20="Adjustment_Out",C20="Prepared"),L20,""))) -> R1-2-2-M | R20: =IF(C20="","",IF(C20="Return_to_Repair",J20,"")) | S20: =IF(C20="","",IF(C20="Prepared",0,IF(OR(C20="Opening",C20="Inbound",C20="Return_to_Repair",C20="Adjustment_In"),K20,IF(OR(C20="Outbound",C20="Adjustment_Out",C20="Move"),-K20,0)))) -> -2 | T20: =IF(Q20="","",Q20&"|"&F20&"|"&G20&"|"&R20&"|"&P20) -> R1-2-2-M||41-406-00002-00||Material / 物料 | U20: Formula helper / 公式辅助 | V20: Outbound 2 qty from R1-2-2-M per request | W20: =IF(A20="","",IF(AND(Z20="Yes",P20=""),"Missing stock condition / 缺库存属性",IF(AND(P20="New / 新机",C20="Return_to_Repair"),"New/repair conflict / 新机维修冲突","OK"))) -> OK | X20: =IF(OR(C20="",D20=""),0,IF(COUNTIFS($C$2:C20,C20,$D$2:D20,D20)=1,1,0)) -> 0 | Y20: =IF(AND(C20="Outbound",D20<>"",COUNTIFS($C$2:C20,"Outbound",$D$2:D20,D20)=1,COUNTIFS($C$2:$C1010,"Return_to_Repair",$D$2:$D1010,D20)=0),1,0) -> 0 | Z20: =IF(G20="","",IFERROR(VLOOKUP(G20,'Product_Stock_Master产品维护'!$A$2:$L992,11,FALSE),"No")) -> No | AA20: =IF(G20="","",IFERROR(VLOOKUP(G20,'Product_Stock_Master产品维护'!$A$2:$L992,12,FALSE),""))
A21: 2026-07-20 | C21: Outbound | G21: 41-406-00002-00 | H21: =IF(G21="","",IFERROR(VLOOKUP(G21,'Product_Stock_Master产品维护'!$A$2:$E992,2,FALSE()),"SKU not found")) -> H3 Smart遮线罩 | I21: =IF(G21="","",IFERROR(VLOOKUP(G21,'Product_Stock_Master产品维护'!$A$2:$E992,3,FALSE()),"Item type not found")) -> Material | K21: 42 | L21: R1-2-1-R | O21: =IF(C21="","",IF(AND(G21="",NOT(AND(C21="Adjustment_In",P21="Material / 物料"))),"Missing SKU / 缺料号",IF(K21="","Missing Qty / 缺数量",IF(AND(I21="Product",OR(C21="Outbound",C21="Return_to_Repair"),J21=""),"Missing SN for product outbound/return / 成品出库或维修回退缺SN",IF(C21="Move",IF(OR(L21="",M21=""),"Missing Move location / 移库缺来源或目标库位","OK"),IF(OR(C21="Opening",C21="Inbound",C21="Return_to_Repair",C21="Adjustment_In"),IF(M21="","Missing To Location / 缺目标库位","OK"),IF(OR(C21="Outbound",C21="Adjustment_Out",C21="Prepared"),IF(L21="","Missing From Location / 缺来源库位","OK"),"OK"))))))) -> OK | P21: Material / 物料 | Q21: =IF(C21="","",IF(OR(C21="Opening",C21="Inbound",C21="Return_to_Repair",C21="Adjustment_In"),M21,IF(OR(C21="Outbound",C21="Move",C21="Adjustment_Out",C21="Prepared"),L21,""))) -> R1-2-1-R | R21: =IF(C21="","",IF(C21="Return_to_Repair",J21,"")) | S21: =IF(C21="","",IF(C21="Prepared",0,IF(OR(C21="Opening",C21="Inbound",C21="Return_to_Repair",C21="Adjustment_In"),K21,IF(OR(C21="Outbound",C21="Adjustment_Out",C21="Move"),-K21,0)))) -> -42 | T21: =IF(Q21="","",Q21&"|"&F21&"|"&G21&"|"&R21&"|"&P21) -> R1-2-1-R||41-406-00002-00||Material / 物料 | U21: Formula helper / 公式辅助 | V21: Outbound remaining qty from R1-2-1-R per request | W21: =IF(A21="","",IF(AND(Z21="Yes",P21=""),"Missing stock condition / 缺库存属性",IF(AND(P21="New / 新机",C21="Return_to_Repair"),"New/repair conflict / 新机维修冲突","OK"))) -> OK | X21: =IF(OR(C21="",D21=""),0,IF(COUNTIFS($C$2:C21,C21,$D$2:D21,D21)=1,1,0)) -> 0 | Y21: =IF(AND(C21="Outbound",D21<>"",COUNTIFS($C$2:C21,"Outbound",$D$2:D21,D21)=1,COUNTIFS($C$2:$C1011,"Return_to_Repair",$D$2:$D1011,D21)=0),1,0) -> 0 | Z21: =IF(G21="","",IFERROR(VLOOKUP(G21,'Product_Stock_Master产品维护'!$A$2:$L992,11,FALSE),"No")) -> No | AA21: =IF(G21="","",IFERROR(VLOOKUP(G21,'Product_Stock_Master产品维护'!$A$2:$L992,12,FALSE),""))
A22: 2026-07-20 | C22: Outbound | G22: 41-406-00002-00 | H22: =IF(G22="","",IFERROR(VLOOKUP(G22,'Product_Stock_Master产品维护'!$A$2:$E992,2,FALSE()),"SKU not found")) -> H3 Smart遮线罩 | I22: =IF(G22="","",IFERROR(VLOOKUP(G22,'Product_Stock_Master产品维护'!$A$2:$E992,3,FALSE()),"Item type not found")) -> Material | K22: 42 | L22: R1-2-2-L | O22: =IF(C22="","",IF(AND(G22="",NOT(AND(C22="Adjustment_In",P22="Material / 物料"))),"Missing SKU / 缺料号",IF(K22="","Missing Qty / 缺数量",IF(AND(I22="Product",OR(C22="Outbound",C22="Return_to_Repair"),J22=""),"Missing SN for product outbound/return / 成品出库或维修回退缺SN",IF(C22="Move",IF(OR(L22="",M22=""),"Missing Move location / 移库缺来源或目标库位","OK"),IF(OR(C22="Opening",C22="Inbound",C22="Return_to_Repair",C22="Adjustment_In"),IF(M22="","Missing To Location / 缺目标库位","OK"),IF(OR(C22="Outbound",C22="Adjustment_Out",C22="Prepared"),IF(L22="","Missing From Location / 缺来源库位","OK"),"OK"))))))) -> OK | P22: Material / 物料 | Q22: =IF(C22="","",IF(OR(C22="Opening",C22="Inbound",C22="Return_to_Repair",C22="Adjustment_In"),M22,IF(OR(C22="Outbound",C22="Move",C22="Adjustment_Out",C22="Prepared"),L22,""))) -> R1-2-2-L | R22: =IF(C22="","",IF(C22="Return_to_Repair",J22,"")) | S22: =IF(C22="","",IF(C22="Prepared",0,IF(OR(C22="Opening",C22="Inbound",C22="Return_to_Repair",C22="Adjustment_In"),K22,IF(OR(C22="Outbound",C22="Adjustment_Out",C22="Move"),-K22,0)))) -> -42 | T22: =IF(Q22="","",Q22&"|"&F22&"|"&G22&"|"&R22&"|"&P22) -> R1-2-2-L||41-406-00002-00||Material / 物料 | U22: Formula helper / 公式辅助 | V22: Outbound remaining qty from R1-2-2-L per request | W22: =IF(A22="","",IF(AND(Z22="Yes",P22=""),"Missing stock condition / 缺库存属性",IF(AND(P22="New / 新机",C22="Return_to_Repair"),"New/repair conflict / 新机维修冲突","OK"))) -> OK | X22: =IF(OR(C22="",D22=""),0,IF(COUNTIFS($C$2:C22,C22,$D$2:D22,D22)=1,1,0)) -> 0 | Y22: =IF(AND(C22="Outbound",D22<>"",COUNTIFS($C$2:C22,"Outbound",$D$2:D22,D22)=1,COUNTIFS($C$2:$C1012,"Return_to_Repair",$D$2:$D1012,D22)=0),1,0) -> 0 | Z22: =IF(G22="","",IFERROR(VLOOKUP(G22,'Product_Stock_Master产品维护'!$A$2:$L992,11,FALSE),"No")) -> No | AA22: =IF(G22="","",IFERROR(VLOOKUP(G22,'Product_Stock_Master产品维护'!$A$2:$L992,12,FALSE),""))
A23: 2026-07-20 | C23: Outbound | G23: 41-406-00002-00 | H23: =IF(G23="","",IFERROR(VLOOKUP(G23,'Product_Stock_Master产品维护'!$A$2:$E992,2,FALSE()),"SKU not found")) -> H3 Smart遮线罩 | I23: =IF(G23="","",IFERROR(VLOOKUP(G23,'Product_Stock_Master产品维护'!$A$2:$E992,3,FALSE()),"Item type not found")) -> Material | K23: 40 | L23: R1-2-2-M | O23: =IF(C23="","",IF(AND(G23="",NOT(AND(C23="Adjustment_In",P23="Material / 物料"))),"Missing SKU / 缺料号",IF(K23="","Missing Qty / 缺数量",IF(AND(I23="Product",OR(C23="Outbound",C23="Return_to_Repair"),J23=""),"Missing SN for product outbound/return / 成品出库或维修回退缺SN",IF(C23="Move",IF(OR(L23="",M23=""),"Missing Move location / 移库缺来源或目标库位","OK"),IF(OR(C23="Opening",C23="Inbound",C23="Return_to_Repair",C23="Adjustment_In"),IF(M23="","Missing To Location / 缺目标库位","OK"),IF(OR(C23="Outbound",C23="Adjustment_Out",C23="Prepared"),IF(L23="","Missing From Location / 缺来源库位","OK"),"OK"))))))) -> OK | P23: Material / 物料 | Q23: =IF(C23="","",IF(OR(C23="Opening",C23="Inbound",C23="Return_to_Repair",C23="Adjustment_In"),M23,IF(OR(C23="Outbound",C23="Move",C23="Adjustment_Out",C23="Prepared"),L23,""))) -> R1-2-2-M | R23: =IF(C23="","",IF(C23="Return_to_Repair",J23,"")) | S23: =IF(C23="","",IF(C23="Prepared",0,IF(OR(C23="Opening",C23="Inbound",C23="Return_to_Repair",C23="Adjustment_In"),K23,IF(OR(C23="Outbound",C23="Adjustment_Out",C23="Move"),-K23,0)))) -> -40 | T23: =IF(Q23="","",Q23&"|"&F23&"|"&G23&"|"&R23&"|"&P23) -> R1-2-2-M||41-406-00002-00||Material / 物料 | U23: Formula helper / 公式辅助 | V23: Outbound remaining qty from R1-2-2-M per request | W23: =IF(A23="","",IF(AND(Z23="Yes",P23=""),"Missing stock condition / 缺库存属性",IF(AND(P23="New / 新机",C23="Return_to_Repair"),"New/repair conflict / 新机维修冲突","OK"))) -> OK | X23: =IF(OR(C23="",D23=""),0,IF(COUNTIFS($C$2:C23,C23,$D$2:D23,D23)=1,1,0)) -> 0 | Y23: =IF(AND(C23="Outbound",D23<>"",COUNTIFS($C$2:C23,"Outbound",$D$2:D23,D23)=1,COUNTIFS($C$2:$C1013,"Return_to_Repair",$D$2:$D1013,D23)=0),1,0) -> 0 | Z23: =IF(G23="","",IFERROR(VLOOKUP(G23,'Product_Stock_Master产品维护'!$A$2:$L992,11,FALSE),"No")) -> No | AA23: =IF(G23="","",IFERROR(VLOOKUP(G23,'Product_Stock_Master产品维护'!$A$2:$L992,12,FALSE),""))
A24: 2026-07-21 | C24: Outbound | G24: 97-406-00017-00 | H24: =IF(G24="","",IFERROR(VLOOKUP(G24,'Product_Stock_Master产品维护'!$A$2:$E992,2,FALSE()),"SKU not found")) -> KH遮线罩 | I24: =IF(G24="","",IFERROR(VLOOKUP(G24,'Product_Stock_Master产品维护'!$A$2:$E992,3,FALSE()),"Item type not found")) -> Material | K24: 96 | L24: R1-4-1-L | O24: =IF(C24="","",IF(AND(G24="",NOT(AND(C24="Adjustment_In",P24="Material / 物料"))),"Missing SKU / 缺料号",IF(K24="","Missing Qty / 缺数量",IF(AND(I24="Product",OR(C24="Outbound",C24="Return_to_Repair"),J24=""),"Missing SN for product outbound/return / 成品出库或维修回退缺SN",IF(C24="Move",IF(OR(L24="",M24=""),"Missing Move location / 移库缺来源或目标库位","OK"),IF(OR(C24="Opening",C24="Inbound",C24="Return_to_Repair",C24="Adjustment_In"),IF(M24="","Missing To Location / 缺目标库位","OK"),IF(OR(C24="Outbound",C24="Adjustment_Out",C24="Prepared"),IF(L24="","Missing From Location / 缺来源库位","OK"),"OK"))))))) -> OK | P24: Material / 物料 | Q24: =IF(C24="","",IF(OR(C24="Opening",C24="Inbound",C24="Return_to_Repair",C24="Adjustment_In"),M24,IF(OR(C24="Outbound",C24="Move",C24="Adjustment_Out",C24="Prepared"),L24,""))) -> R1-4-1-L | R24: =IF(C24="","",IF(C24="Return_to_Repair",J24,"")) | S24: =IF(C24="","",IF(C24="Prepared",0,IF(OR(C24="Opening",C24="Inbound",C24="Return_to_Repair",C24="Adjustment_In"),K24,IF(OR(C24="Outbound",C24="Adjustment_Out",C24="Move"),-K24,0)))) -> -96 | T24: =IF(Q24="","",Q24&"|"&F24&"|"&G24&"|"&R24&"|"&P24) -> R1-4-1-L||97-406-00017-00||Material / 物料 | U24: Formula helper / 公式辅助 | V24: Outbound remaining qty from R1-4-1-L per request | W24: =IF(A24="","",IF(AND(Z24="Yes",P24=""),"Missing stock condition / 缺库存属性",IF(AND(P24="New / 新机",C24="Return_to_Repair"),"New/repair conflict / 新机维修冲突","OK"))) -> OK | X24: =IF(OR(C24="",D24=""),0,IF(COUNTIFS($C$2:C24,C24,$D$2:D24,D24)=1,1,0)) -> 0 | Y24: =IF(AND(C24="Outbound",D24<>"",COUNTIFS($C$2:C24,"Outbound",$D$2:D24,D24)=1,COUNTIFS($C$2:$C1014,"Return_to_Repair",$D$2:$D1014,D24)=0),1,0) -> 0 | Z24: =IF(G24="","",IFERROR(VLOOKUP(G24,'Product_Stock_Master产品维护'!$A$2:$L992,11,FALSE),"No")) -> No | AA24: =IF(G24="","",IFERROR(VLOOKUP(G24,'Product_Stock_Master产品维护'!$A$2:$L992,12,FALSE),""))
A25: 2026-07-21 | C25: Outbound | G25: 97-406-00017-00 | H25: =IF(G25="","",IFERROR(VLOOKUP(G25,'Product_Stock_Master产品维护'!$A$2:$E992,2,FALSE()),"SKU not found")) -> KH遮线罩 | I25: =IF(G25="","",IFERROR(VLOOKUP(G25,'Product_Stock_Master产品维护'!$A$2:$E992,3,FALSE()),"Item type not found")) -> Material | K25: 96 | L25: R1-4-2-L | O25: =IF(C25="","",IF(AND(G25="",NOT(AND(C25="Adjustment_In",P25="Material / 物料"))),"Missing SKU / 缺料号",IF(K25="","Missing Qty / 缺数量",IF(AND(I25="Product",OR(C25="Outbound",C25="Return_to_Repair"),J25=""),"Missing SN for product outbound/return / 成品出库或维修回退缺SN",IF(C25="Move",IF(OR(L25="",M25=""),"Missing Move location / 移库缺来源或目标库位","OK"),IF(OR(C25="Opening",C25="Inbound",C25="Return_to_Repair",C25="Adjustment_In"),IF(M25="","Missing To Location / 缺目标库位","OK"),IF(OR(C25="Outbound",C25="Adjustment_Out",C25="Prepared"),IF(L25="","Missing From Location / 缺来源库位","OK"),"OK"))))))) -> OK | P25: Material / 物料 | Q25: =IF(C25="","",IF(OR(C25="Opening",C25="Inbound",C25="Return_to_Repair",C25="Adjustment_In"),M25,IF(OR(C25="Outbound",C25="Move",C25="Adjustment_Out",C25="Prepared"),L25,""))) -> R1-4-2-L | R25: =IF(C25="","",IF(C25="Return_to_Repair",J25,"")) | S25: =IF(C25="","",IF(C25="Prepared",0,IF(OR(C25="Opening",C25="Inbound",C25="Return_to_Repair",C25="Adjustment_In"),K25,IF(OR(C25="Outbound",C25="Adjustment_Out",C25="Move"),-K25,0)))) -> -96 | T25: =IF(Q25="","",Q25&"|"&F25&"|"&G25&"|"&R25&"|"&P25) -> R1-4-2-L||97-406-00017-00||Material / 物料 | U25: Formula helper / 公式辅助 | V25: Outbound remaining qty from R1-4-2-L per request | W25: =IF(A25="","",IF(AND(Z25="Yes",P25=""),"Missing stock condition / 缺库存属性",IF(AND(P25="New / 新机",C25="Return_to_Repair"),"New/repair conflict / 新机维修冲突","OK"))) -> OK | X25: =IF(OR(C25="",D25=""),0,IF(COUNTIFS($C$2:C25,C25,$D$2:D25,D25)=1,1,0)) -> 0 | Y25: =IF(AND(C25="Outbound",D25<>"",COUNTIFS($C$2:C25,"Outbound",$D$2:D25,D25)=1,COUNTIFS($C$2:$C1015,"Return_to_Repair",$D$2:$D1015,D25)=0),1,0) -> 0 | Z25: =IF(G25="","",IFERROR(VLOOKUP(G25,'Product_Stock_Master产品维护'!$A$2:$L992,11,FALSE),"No")) -> No | AA25: =IF(G25="","",IFERROR(VLOOKUP(G25,'Product_Stock_Master产品维护'!$A$2:$L992,12,FALSE),""))
A26: 2026-07-21 | C26: Outbound | G26: 41-406-00002-00 | H26: =IF(G26="","",IFERROR(VLOOKUP(G26,'Product_Stock_Master产品维护'!$A$2:$E992,2,FALSE()),"SKU not found")) -> H3 Smart遮线罩 | I26: =IF(G26="","",IFERROR(VLOOKUP(G26,'Product_Stock_Master产品维护'!$A$2:$E992,3,FALSE()),"Item type not found")) -> Material | K26: 42 | L26: R1-3-1-M | O26: =IF(C26="","",IF(AND(G26="",NOT(AND(C26="Adjustment_In",P26="Material / 物料"))),"Missing SKU / 缺料号",IF(K26="","Missing Qty / 缺数量",IF(AND(I26="Product",OR(C26="Outbound",C26="Return_to_Repair"),J26=""),"Missing SN for product outbound/return / 成品出库或维修回退缺SN",IF(C26="Move",IF(OR(L26="",M26=""),"Missing Move location / 移库缺来源或目标库位","OK"),IF(OR(C26="Opening",C26="Inbound",C26="Return_to_Repair",C26="Adjustment_In"),IF(M26="","Missing To Location / 缺目标库位","OK"),IF(OR(C26="Outbound",C26="Adjustment_Out",C26="Prepared"),IF(L26="","Missing From Location / 缺来源库位","OK"),"OK"))))))) -> OK | P26: Material / 物料 | Q26: =IF(C26="","",IF(OR(C26="Opening",C26="Inbound",C26="Return_to_Repair",C26="Adjustment_In"),M26,IF(OR(C26="Outbound",C26="Move",C26="Adjustment_Out",C26="Prepared"),L26,""))) -> R1-3-1-M | R26: =IF(C26="","",IF(C26="Return_to_Repair",J26,"")) | S26: =IF(C26="","",IF(C26="Prepared",0,IF(OR(C26="Opening",C26="Inbound",C26="Return_to_Repair",C26="Adjustment_In"),K26,IF(OR(C26="Outbound",C26="Adjustment_Out",C26="Move"),-K26,0)))) -> -42 | T26: =IF(Q26="","",Q26&"|"&F26&"|"&G26&"|"&R26&"|"&P26) -> R1-3-1-M||41-406-00002-00||Material / 物料 | U26: Formula helper / 公式辅助 | V26: Outbound remaining qty from R1-3-1-M per request | W26: =IF(A26="","",IF(AND(Z26="Yes",P26=""),"Missing stock condition / 缺库存属性",IF(AND(P26="New / 新机",C26="Return_to_Repair"),"New/repair conflict / 新机维修冲突","OK"))) -> OK | X26: =IF(OR(C26="",D26=""),0,IF(COUNTIFS($C$2:C26,C26,$D$2:D26,D26)=1,1,0)) -> 0 | Y26: =IF(AND(C26="Outbound",D26<>"",COUNTIFS($C$2:C26,"Outbound",$D$2:D26,D26)=1,COUNTIFS($C$2:$C1016,"Return_to_Repair",$D$2:$D1016,D26)=0),1,0) -> 0 | Z26: =IF(G26="","",IFERROR(VLOOKUP(G26,'Product_Stock_Master产品维护'!$A$2:$L992,11,FALSE),"No")) -> No | AA26: =IF(G26="","",IFERROR(VLOOKUP(G26,'Product_Stock_Master产品维护'!$A$2:$L992,12,FALSE),""))
A27: 2026-07-21 | C27: Outbound | G27: 41-406-00002-00 | H27: =IF(G27="","",IFERROR(VLOOKUP(G27,'Product_Stock_Master产品维护'!$A$2:$E992,2,FALSE()),"SKU not found")) -> H3 Smart遮线罩 | I27: =IF(G27="","",IFERROR(VLOOKUP(G27,'Product_Stock_Master产品维护'!$A$2:$E992,3,FALSE()),"Item type not found")) -> Material | K27: 42 | L27: R1-3-1-R | O27: =IF(C27="","",IF(AND(G27="",NOT(AND(C27="Adjustment_In",P27="Material / 物料"))),"Missing SKU / 缺料号",IF(K27="","Missing Qty / 缺数量",IF(AND(I27="Product",OR(C27="Outbound",C27="Return_to_Repair"),J27=""),"Missing SN for product outbound/return / 成品出库或维修回退缺SN",IF(C27="Move",IF(OR(L27="",M27=""),"Missing Move location / 移库缺来源或目标库位","OK"),IF(OR(C27="Opening",C27="Inbound",C27="Return_to_Repair",C27="Adjustment_In"),IF(M27="","Missing To Location / 缺目标库位","OK"),IF(OR(C27="Outbound",C27="Adjustment_Out",C27="Prepared"),IF(L27="","Missing From Location / 缺来源库位","OK"),"OK"))))))) -> OK | P27: Material / 物料 | Q27: =IF(C27="","",IF(OR(C27="Opening",C27="Inbound",C27="Return_to_Repair",C27="Adjustment_In"),M27,IF(OR(C27="Outbound",C27="Move",C27="Adjustment_Out",C27="Prepared"),L27,""))) -> R1-3-1-R | R27: =IF(C27="","",IF(C27="Return_to_Repair",J27,"")) | S27: =IF(C27="","",IF(C27="Prepared",0,IF(OR(C27="Opening",C27="Inbound",C27="Return_to_Repair",C27="Adjustment_In"),K27,IF(OR(C27="Outbound",C27="Adjustment_Out",C27="Move"),-K27,0)))) -> -42 | T27: =IF(Q27="","",Q27&"|"&F27&"|"&G27&"|"&R27&"|"&P27) -> R1-3-1-R||41-406-00002-00||Material / 物料 | U27: Formula helper / 公式辅助 | V27: Outbound remaining qty from R1-3-1-R per request | W27: =IF(A27="","",IF(AND(Z27="Yes",P27=""),"Missing stock condition / 缺库存属性",IF(AND(P27="New / 新机",C27="Return_to_Repair"),"New/repair conflict / 新机维修冲突","OK"))) -> OK | X27: =IF(OR(C27="",D27=""),0,IF(COUNTIFS($C$2:C27,C27,$D$2:D27,D27)=1,1,0)) -> 0 | Y27: =IF(AND(C27="Outbound",D27<>"",COUNTIFS($C$2:C27,"Outbound",$D$2:D27,D27)=1,COUNTIFS($C$2:$C1017,"Return_to_Repair",$D$2:$D1017,D27)=0),1,0) -> 0 | Z27: =IF(G27="","",IFERROR(VLOOKUP(G27,'Product_Stock_Master产品维护'!$A$2:$L992,11,FALSE),"No")) -> No | AA27: =IF(G27="","",IFERROR(VLOOKUP(G27,'Product_Stock_Master产品维护'!$A$2:$L992,12,FALSE),""))
A28: 2026-07-21 | C28: Outbound | G28: 41-406-00002-00 | H28: =IF(G28="","",IFERROR(VLOOKUP(G28,'Product_Stock_Master产品维护'!$A$2:$E992,2,FALSE()),"SKU not found")) -> H3 Smart遮线罩 | I28: =IF(G28="","",IFERROR(VLOOKUP(G28,'Product_Stock_Master产品维护'!$A$2:$E992,3,FALSE()),"Item type not found")) -> Material | K28: 42 | L28: R1-3-2-L | O28: =IF(C28="","",IF(AND(G28="",NOT(AND(C28="Adjustment_In",P28="Material / 物料"))),"Missing SKU / 缺料号",IF(K28="","Missing Qty / 缺数量",IF(AND(I28="Product",OR(C28="Outbound",C28="Return_to_Repair"),J28=""),"Missing SN for product outbound/return / 成品出库或维修回退缺SN",IF(C28="Move",IF(OR(L28="",M28=""),"Missing Move location / 移库缺来源或目标库位","OK"),IF(OR(C28="Opening",C28="Inbound",C28="Return_to_Repair",C28="Adjustment_In"),IF(M28="","Missing To Location / 缺目标库位","OK"),IF(OR(C28="Outbound",C28="Adjustment_Out",C28="Prepared"),IF(L28="","Missing From Location / 缺来源库位","OK"),"OK"))))))) -> OK | P28: Material / 物料 | Q28: =IF(C28="","",IF(OR(C28="Opening",C28="Inbound",C28="Return_to_Repair",C28="Adjustment_In"),M28,IF(OR(C28="Outbound",C28="Move",C28="Adjustment_Out",C28="Prepared"),L28,""))) -> R1-3-2-L | R28: =IF(C28="","",IF(C28="Return_to_Repair",J28,"")) | S28: =IF(C28="","",IF(C28="Prepared",0,IF(OR(C28="Opening",C28="Inbound",C28="Return_to_Repair",C28="Adjustment_In"),K28,IF(OR(C28="Outbound",C28="Adjustment_Out",C28="Move"),-K28,0)))) -> -42 | T28: =IF(Q28="","",Q28&"|"&F28&"|"&G28&"|"&R28&"|"&P28) -> R1-3-2-L||41-406-00002-00||Material / 物料 | U28: Formula helper / 公式辅助 | V28: Outbound remaining qty from R1-3-2-L per request | W28: =IF(A28="","",IF(AND(Z28="Yes",P28=""),"Missing stock condition / 缺库存属性",IF(AND(P28="New / 新机",C28="Return_to_Repair"),"New/repair conflict / 新机维修冲突","OK"))) -> OK | X28: =IF(OR(C28="",D28=""),0,IF(COUNTIFS($C$2:C28,C28,$D$2:D28,D28)=1,1,0)) -> 0 | Y28: =IF(AND(C28="Outbound",D28<>"",COUNTIFS($C$2:C28,"Outbound",$D$2:D28,D28)=1,COUNTIFS($C$2:$C1018,"Return_to_Repair",$D$2:$D1018,D28)=0),1,0) -> 0 | Z28: =IF(G28="","",IFERROR(VLOOKUP(G28,'Product_Stock_Master产品维护'!$A$2:$L992,11,FALSE),"No")) -> No | AA28: =IF(G28="","",IFERROR(VLOOKUP(G28,'Product_Stock_Master产品维护'!$A$2:$L992,12,FALSE),""))
A29: 2026-07-21 | C29: Outbound | G29: 41-406-00002-00 | H29: =IF(G29="","",IFERROR(VLOOKUP(G29,'Product_Stock_Master产品维护'!$A$2:$E992,2,FALSE()),"SKU not found")) -> H3 Smart遮线罩 | I29: =IF(G29="","",IFERROR(VLOOKUP(G29,'Product_Stock_Master产品维护'!$A$2:$E992,3,FALSE()),"Item type not found")) -> Material | K29: 42 | L29: R1-3-2-M | O29: =IF(C29="","",IF(AND(G29="",NOT(AND(C29="Adjustment_In",P29="Material / 物料"))),"Missing SKU / 缺料号",IF(K29="","Missing Qty / 缺数量",IF(AND(I29="Product",OR(C29="Outbound",C29="Return_to_Repair"),J29=""),"Missing SN for product outbound/return / 成品出库或维修回退缺SN",IF(C29="Move",IF(OR(L29="",M29=""),"Missing Move location / 移库缺来源或目标库位","OK"),IF(OR(C29="Opening",C29="Inbound",C29="Return_to_Repair",C29="Adjustment_In"),IF(M29="","Missing To Location / 缺目标库位","OK"),IF(OR(C29="Outbound",C29="Adjustment_Out",C29="Prepared"),IF(L29="","Missing From Location / 缺来源库位","OK"),"OK"))))))) -> OK | P29: Material / 物料 | Q29: =IF(C29="","",IF(OR(C29="Opening",C29="Inbound",C29="Return_to_Repair",C29="Adjustment_In"),M29,IF(OR(C29="Outbound",C29="Move",C29="Adjustment_Out",C29="Prepared"),L29,""))) -> R1-3-2-M | R29: =IF(C29="","",IF(C29="Return_to_Repair",J29,"")) | S29: =IF(C29="","",IF(C29="Prepared",0,IF(OR(C29="Opening",C29="Inbound",C29="Return_to_Repair",C29="Adjustment_In"),K29,IF(OR(C29="Outbound",C29="Adjustment_Out",C29="Move"),-K29,0)))) -> -42 | T29: =IF(Q29="","",Q29&"|"&F29&"|"&G29&"|"&R29&"|"&P29) -> R1-3-2-M||41-406-00002-00||Material / 物料 | U29: Formula helper / 公式辅助 | V29: Outbound remaining qty from R1-3-2-M per request | W29: =IF(A29="","",IF(AND(Z29="Yes",P29=""),"Missing stock condition / 缺库存属性",IF(AND(P29="New / 新机",C29="Return_to_Repair"),"New/repair conflict / 新机维修冲突","OK"))) -> OK | X29: =IF(OR(C29="",D29=""),0,IF(COUNTIFS($C$2:C29,C29,$D$2:D29,D29)=1,1,0)) -> 0 | Y29: =IF(AND(C29="Outbound",D29<>"",COUNTIFS($C$2:C29,"Outbound",$D$2:D29,D29)=1,COUNTIFS($C$2:$C1019,"Return_to_Repair",$D$2:$D1019,D29)=0),1,0) -> 0 | Z29: =IF(G29="","",IFERROR(VLOOKUP(G29,'Product_Stock_Master产品维护'!$A$2:$L992,11,FALSE),"No")) -> No | AA29: =IF(G29="","",IFERROR(VLOOKUP(G29,'Product_Stock_Master产品维护'!$A$2:$L992,12,FALSE),""))
A30: 2026-07-21 | C30: Outbound | G30: 41-406-00002-00 | H30: =IF(G30="","",IFERROR(VLOOKUP(G30,'Product_Stock_Master产品维护'!$A$2:$E992,2,FALSE()),"SKU not found")) -> H3 Smart遮线罩 | I30: =IF(G30="","",IFERROR(VLOOKUP(G30,'Product_Stock_Master产品维护'!$A$2:$E992,3,FALSE()),"Item type not found")) -> Material | K30: 42 | L30: R1-3-2-R | O30: =IF(C30="","",IF(AND(G30="",NOT(AND(C30="Adjustment_In",P30="Material / 物料"))),"Missing SKU / 缺料号",IF(K30="","Missing Qty / 缺数量",IF(AND(I30="Product",OR(C30="Outbound",C30="Return_to_Repair"),J30=""),"Missing SN for product outbound/return / 成品出库或维修回退缺SN",IF(C30="Move",IF(OR(L30="",M30=""),"Missing Move location / 移库缺来源或目标库位","OK"),IF(OR(C30="Opening",C30="Inbound",C30="Return_to_Repair",C30="Adjustment_In"),IF(M30="","Missing To Location / 缺目标库位","OK"),IF(OR(C30="Outbound",C30="Adjustment_Out",C30="Prepared"),IF(L30="","Missing From Location / 缺来源库位","OK"),"OK"))))))) -> OK | P30: Material / 物料 | Q30: =IF(C30="","",IF(OR(C30="Opening",C30="Inbound",C30="Return_to_Repair",C30="Adjustment_In"),M30,IF(OR(C30="Outbound",C30="Move",C30="Adjustment_Out",C30="Prepared"),L30,""))) -> R1-3-2-R | R30: =IF(C30="","",IF(C30="Return_to_Repair",J30,"")) | S30: =IF(C30="","",IF(C30="Prepared",0,IF(OR(C30="Opening",C30="Inbound",C30="Return_to_Repair",C30="Adjustment_In"),K30,IF(OR(C30="Outbound",C30="Adjustment_Out",C30="Move"),-K30,0)))) -> -42 | T30: =IF(Q30="","",Q30&"|"&F30&"|"&G30&"|"&R30&"|"&P30) -> R1-3-2-R||41-406-00002-00||Material / 物料 | U30: Formula helper / 公式辅助 | V30: Outbound remaining qty from R1-3-2-R per request | W30: =IF(A30="","",IF(AND(Z30="Yes",P30=""),"Missing stock condition / 缺库存属性",IF(AND(P30="New / 新机",C30="Return_to_Repair"),"New/repair conflict / 新机维修冲突","OK"))) -> OK | X30: =IF(OR(C30="",D30=""),0,IF(COUNTIFS($C$2:C30,C30,$D$2:D30,D30)=1,1,0)) -> 0 | Y30: =IF(AND(C30="Outbound",D30<>"",COUNTIFS($C$2:C30,"Outbound",$D$2:D30,D30)=1,COUNTIFS($C$2:$C1020,"Return_to_Repair",$D$2:$D1020,D30)=0),1,0) -> 0 | Z30: =IF(G30="","",IFERROR(VLOOKUP(G30,'Product_Stock_Master产品维护'!$A$2:$L992,11,FALSE),"No")) -> No | AA30: =IF(G30="","",IFERROR(VLOOKUP(G30,'Product_Stock_Master产品维护'!$A$2:$L992,12,FALSE),""))
A31: 2026-07-21 | C31: Outbound | G31: 97-414-00027-00 | H31: =IF(G31="","",IFERROR(VLOOKUP(G31,'Product_Stock_Master产品维护'!$A$2:$E992,2,FALSE()),"SKU not found")) -> EQ4800-side-cover | I31: =IF(G31="","",IFERROR(VLOOKUP(G31,'Product_Stock_Master产品维护'!$A$2:$E992,3,FALSE()),"Item type not found")) -> Material | K31: 288 | L31: R1-2-1-L | O31: =IF(C31="","",IF(AND(G31="",NOT(AND(C31="Adjustment_In",P31="Material / 物料"))),"Missing SKU / 缺料号",IF(K31="","Missing Qty / 缺数量",IF(AND(I31="Product",OR(C31="Outbound",C31="Return_to_Repair"),J31=""),"Missing SN for product outbound/return / 成品出库或维修回退缺SN",IF(C31="Move",IF(OR(L31="",M31=""),"Missing Move location / 移库缺来源或目标库位","OK"),IF(OR(C31="Opening",C31="Inbound",C31="Return_to_Repair",C31="Adjustment_In"),IF(M31="","Missing To Location / 缺目标库位","OK"),IF(OR(C31="Outbound",C31="Adjustment_Out",C31="Prepared"),IF(L31="","Missing From Location / 缺来源库位","OK"),"OK"))))))) -> OK | P31: Material / 物料 | Q31: =IF(C31="","",IF(OR(C31="Opening",C31="Inbound",C31="Return_to_Repair",C31="Adjustment_In"),M31,IF(OR(C31="Outbound",C31="Move",C31="Adjustment_Out",C31="Prepared"),L31,""))) -> R1-2-1-L | R31: =IF(C31="","",IF(C31="Return_to_Repair",J31,"")) | S31: =IF(C31="","",IF(C31="Prepared",0,IF(OR(C31="Opening",C31="Inbound",C31="Return_to_Repair",C31="Adjustment_In"),K31,IF(OR(C31="Outbound",C31="Adjustment_Out",C31="Move"),-K31,0)))) -> -288 | T31: =IF(Q31="","",Q31&"|"&F31&"|"&G31&"|"&R31&"|"&P31) -> R1-2-1-L||97-414-00027-00||Material / 物料 | U31: Formula helper / 公式辅助 | V31: Outbound remaining qty from R1-2-1-L per request | W31: =IF(A31="","",IF(AND(Z31="Yes",P31=""),"Missing stock condition / 缺库存属性",IF(AND(P31="New / 新机",C31="Return_to_Repair"),"New/repair conflict / 新机维修冲突","OK"))) -> OK | X31: =IF(OR(C31="",D31=""),0,IF(COUNTIFS($C$2:C31,C31,$D$2:D31,D31)=1,1,0)) -> 0 | Y31: =IF(AND(C31="Outbound",D31<>"",COUNTIFS($C$2:C31,"Outbound",$D$2:D31,D31)=1,COUNTIFS($C$2:$C1021,"Return_to_Repair",$D$2:$D1021,D31)=0),1,0) -> 0 | Z31: =IF(G31="","",IFERROR(VLOOKUP(G31,'Product_Stock_Master产品维护'!$A$2:$L992,11,FALSE),"No")) -> No | AA31: =IF(G31="","",IFERROR(VLOOKUP(G31,'Product_Stock_Master产品维护'!$A$2:$L992,12,FALSE),""))
A32: 2026-07-21 | C32: Outbound | G32: 97-414-00027-00 | H32: =IF(G32="","",IFERROR(VLOOKUP(G32,'Product_Stock_Master产品维护'!$A$2:$E992,2,FALSE()),"SKU not found")) -> EQ4800-side-cover | I32: =IF(G32="","",IFERROR(VLOOKUP(G32,'Product_Stock_Master产品维护'!$A$2:$E992,3,FALSE()),"Item type not found")) -> Material | K32: 286 | L32: R1-2-1-M | O32: =IF(C32="","",IF(AND(G32="",NOT(AND(C32="Adjustment_In",P32="Material / 物料"))),"Missing SKU / 缺料号",IF(K32="","Missing Qty / 缺数量",IF(AND(I32="Product",OR(C32="Outbound",C32="Return_to_Repair"),J32=""),"Missing SN for product outbound/return / 成品出库或维修回退缺SN",IF(C32="Move",IF(OR(L32="",M32=""),"Missing Move location / 移库缺来源或目标库位","OK"),IF(OR(C32="Opening",C32="Inbound",C32="Return_to_Repair",C32="Adjustment_In"),IF(M32="","Missing To Location / 缺目标库位","OK"),IF(OR(C32="Outbound",C32="Adjustment_Out",C32="Prepared"),IF(L32="","Missing From Location / 缺来源库位","OK"),"OK"))))))) -> OK | P32: Material / 物料 | Q32: =IF(C32="","",IF(OR(C32="Opening",C32="Inbound",C32="Return_to_Repair",C32="Adjustment_In"),M32,IF(OR(C32="Outbound",C32="Move",C32="Adjustment_Out",C32="Prepared"),L32,""))) -> R1-2-1-M | R32: =IF(C32="","",IF(C32="Return_to_Repair",J32,"")) | S32: =IF(C32="","",IF(C32="Prepared",0,IF(OR(C32="Opening",C32="Inbound",C32="Return_to_Repair",C32="Adjustment_In"),K32,IF(OR(C32="Outbound",C32="Adjustment_Out",C32="Move"),-K32,0)))) -> -286 | T32: =IF(Q32="","",Q32&"|"&F32&"|"&G32&"|"&R32&"|"&P32) -> R1-2-1-M||97-414-00027-00||Material / 物料 | U32: Formula helper / 公式辅助 | V32: Outbound remaining qty from R1-2-1-M per request | W32: =IF(A32="","",IF(AND(Z32="Yes",P32=""),"Missing stock condition / 缺库存属性",IF(AND(P32="New / 新机",C32="Return_to_Repair"),"New/repair conflict / 新机维修冲突","OK"))) -> OK | X32: =IF(OR(C32="",D32=""),0,IF(COUNTIFS($C$2:C32,C32,$D$2:D32,D32)=1,1,0)) -> 0 | Y32: =IF(AND(C32="Outbound",D32<>"",COUNTIFS($C$2:C32,"Outbound",$D$2:D32,D32)=1,COUNTIFS($C$2:$C1022,"Return_to_Repair",$D$2:$D1022,D32)=0),1,0) -> 0 | Z32: =IF(G32="","",IFERROR(VLOOKUP(G32,'Product_Stock_Master产品维护'!$A$2:$L992,11,FALSE),"No")) -> No | AA32: =IF(G32="","",IFERROR(VLOOKUP(G32,'Product_Stock_Master产品维护'!$A$2:$L992,12,FALSE),""))
A33: 2026-07-21 | C33: Outbound | G33: 41-406-00002-00 | H33: =IF(G33="","",IFERROR(VLOOKUP(G33,'Product_Stock_Master产品维护'!$A$2:$E992,2,FALSE()),"SKU not found")) -> H3 Smart遮线罩 | I33: =IF(G33="","",IFERROR(VLOOKUP(G33,'Product_Stock_Master产品维护'!$A$2:$E992,3,FALSE()),"Item type not found")) -> Material | K33: 42 | L33: R1-2-3-L | O33: =IF(C33="","",IF(AND(G33="",NOT(AND(C33="Adjustment_In",P33="Material / 物料"))),"Missing SKU / 缺料号",IF(K33="","Missing Qty / 缺数量",IF(AND(I33="Product",OR(C33="Outbound",C33="Return_to_Repair"),J33=""),"Missing SN for product outbound/return / 成品出库或维修回退缺SN",IF(C33="Move",IF(OR(L33="",M33=""),"Missing Move location / 移库缺来源或目标库位","OK"),IF(OR(C33="Opening",C33="Inbound",C33="Return_to_Repair",C33="Adjustment_In"),IF(M33="","Missing To Location / 缺目标库位","OK"),IF(OR(C33="Outbound",C33="Adjustment_Out",C33="Prepared"),IF(L33="","Missing From Location / 缺来源库位","OK"),"OK"))))))) -> OK | P33: Material / 物料 | Q33: =IF(C33="","",IF(OR(C33="Opening",C33="Inbound",C33="Return_to_Repair",C33="Adjustment_In"),M33,IF(OR(C33="Outbound",C33="Move",C33="Adjustment_Out",C33="Prepared"),L33,""))) -> R1-2-3-L | R33: =IF(C33="","",IF(C33="Return_to_Repair",J33,"")) | S33: =IF(C33="","",IF(C33="Prepared",0,IF(OR(C33="Opening",C33="Inbound",C33="Return_to_Repair",C33="Adjustment_In"),K33,IF(OR(C33="Outbound",C33="Adjustment_Out",C33="Move"),-K33,0)))) -> -42 | T33: =IF(Q33="","",Q33&"|"&F33&"|"&G33&"|"&R33&"|"&P33) -> R1-2-3-L||41-406-00002-00||Material / 物料 | U33: Formula helper / 公式辅助 | V33: Outbound remaining qty from R1-2-3-L per request | W33: =IF(A33="","",IF(AND(Z33="Yes",P33=""),"Missing stock condition / 缺库存属性",IF(AND(P33="New / 新机",C33="Return_to_Repair"),"New/repair conflict / 新机维修冲突","OK"))) -> OK | X33: =IF(OR(C33="",D33=""),0,IF(COUNTIFS($C$2:C33,C33,$D$2:D33,D33)=1,1,0)) -> 0 | Y33: =IF(AND(C33="Outbound",D33<>"",COUNTIFS($C$2:C33,"Outbound",$D$2:D33,D33)=1,COUNTIFS($C$2:$C1023,"Return_to_Repair",$D$2:$D1023,D33)=0),1,0) -> 0 | Z33: =IF(G33="","",IFERROR(VLOOKUP(G33,'Product_Stock_Master产品维护'!$A$2:$L992,11,FALSE),"No")) -> No | AA33: =IF(G33="","",IFERROR(VLOOKUP(G33,'Product_Stock_Master产品维护'!$A$2:$L992,12,FALSE),""))
A34: 2026-07-22 | C34: Outbound | G34: 20-051-00080-00 | H34: =IF(G34="","",IFERROR(VLOOKUP(G34,'Product_Stock_Master产品维护'!$A$2:$E992,2,FALSE()),"SKU not found")) -> 线束半成品 功率线 62930 IEC 131 1x16.0 mm² 红/黑 DC1500V 90℃ VW-1 CQ6-安费诺-正负极外部动力线-光伏线5米PV | I34: =IF(G34="","",IFERROR(VLOOKUP(G34,'Product_Stock_Master产品维护'!$A$2:$E992,3,FALSE()),"Item type not found")) -> Material | K34: 1 | L34: R1-3-1-L | O34: =IF(C34="","",IF(AND(G34="",NOT(AND(C34="Adjustment_In",P34="Material / 物料"))),"Missing SKU / 缺料号",IF(K34="","Missing Qty / 缺数量",IF(AND(I34="Product",OR(C34="Outbound",C34="Return_to_Repair"),J34=""),"Missing SN for product outbound/return / 成品出库或维修回退缺SN",IF(C34="Move",IF(OR(L34="",M34=""),"Missing Move location / 移库缺来源或目标库位","OK"),IF(OR(C34="Opening",C34="Inbound",C34="Return_to_Repair",C34="Adjustment_In"),IF(M34="","Missing To Location / 缺目标库位","OK"),IF(OR(C34="Outbound",C34="Adjustment_Out",C34="Prepared"),IF(L34="","Missing From Location / 缺来源库位","OK"),"OK"))))))) -> OK | P34: Material / 物料 | Q34: =IF(C34="","",IF(OR(C34="Opening",C34="Inbound",C34="Return_to_Repair",C34="Adjustment_In"),M34,IF(OR(C34="Outbound",C34="Move",C34="Adjustment_Out",C34="Prepared"),L34,""))) -> R1-3-1-L | R34: =IF(C34="","",IF(C34="Return_to_Repair",J34,"")) | S34: =IF(C34="","",IF(C34="Prepared",0,IF(OR(C34="Opening",C34="Inbound",C34="Return_to_Repair",C34="Adjustment_In"),K34,IF(OR(C34="Outbound",C34="Adjustment_Out",C34="Move"),-K34,0)))) -> -1 | T34: =IF(Q34="","",Q34&"|"&F34&"|"&G34&"|"&R34&"|"&P34) -> R1-3-1-L||20-051-00080-00||Material / 物料 | U34: Formula helper / 公式辅助 | V34: Outbound 1 qty from R1-3-1-L per request | W34: =IF(A34="","",IF(AND(Z34="Yes",P34=""),"Missing stock condition / 缺库存属性",IF(AND(P34="New / 新机",C34="Return_to_Repair"),"New/repair conflict / 新机维修冲突","OK"))) -> OK | X34: =IF(OR(C34="",D34=""),0,IF(COUNTIFS($C$2:C34,C34,$D$2:D34,D34)=1,1,0)) -> 0 | Y34: =IF(AND(C34="Outbound",D34<>"",COUNTIFS($C$2:C34,"Outbound",$D$2:D34,D34)=1,COUNTIFS($C$2:$C1024,"Return_to_Repair",$D$2:$D1024,D34)=0),1,0) -> 0 | Z34: =IF(G34="","",IFERROR(VLOOKUP(G34,'Product_Stock_Master产品维护'!$A$2:$L992,11,FALSE),"No")) -> No | AA34: =IF(G34="","",IFERROR(VLOOKUP(G34,'Product_Stock_Master产品维护'!$A$2:$L992,12,FALSE),""))
A35: 2026-07-22 | C35: Inbound | G35: 10-105-00346-00 | H35: =IF(G35="","",IFERROR(VLOOKUP(G35,'Product_Stock_Master产品维护'!$A$2:$E992,2,FALSE()),"SKU not found")) -> SKU not found | I35: =IF(G35="","",IFERROR(VLOOKUP(G35,'Product_Stock_Master产品维护'!$A$2:$E992,3,FALSE()),"Item type not found")) -> Item type not found | K35: 200 | M35: R1-4-2-L | O35: =IF(C35="","",IF(AND(G35="",NOT(AND(C35="Adjustment_In",P35="Material / 物料"))),"Missing SKU / 缺料号",IF(K35="","Missing Qty / 缺数量",IF(AND(I35="Product",OR(C35="Outbound",C35="Return_to_Repair"),J35=""),"Missing SN for product outbound/return / 成品出库或维修回退缺SN",IF(C35="Move",IF(OR(L35="",M35=""),"Missing Move location / 移库缺来源或目标库位","OK"),IF(OR(C35="Opening",C35="Inbound",C35="Return_to_Repair",C35="Adjustment_In"),IF(M35="","Missing To Location / 缺目标库位","OK"),IF(OR(C35="Outbound",C35="Adjustment_Out",C35="Prepared"),IF(L35="","Missing From Location / 缺来源库位","OK"),"OK"))))))) -> OK | P35: Material / 物料 | Q35: =IF(C35="","",IF(OR(C35="Opening",C35="Inbound",C35="Return_to_Repair",C35="Adjustment_In"),M35,IF(OR(C35="Outbound",C35="Move",C35="Adjustment_Out",C35="Prepared"),L35,""))) -> R1-4-2-L | R35: =IF(C35="","",IF(C35="Return_to_Repair",J35,"")) | S35: =IF(C35="","",IF(C35="Prepared",0,IF(OR(C35="Opening",C35="Inbound",C35="Return_to_Repair",C35="Adjustment_In"),K35,IF(OR(C35="Outbound",C35="Adjustment_Out",C35="Move"),-K35,0)))) -> 200 | T35: =IF(Q35="","",Q35&"|"&F35&"|"&G35&"|"&R35&"|"&P35) -> R1-4-2-L||10-105-00346-00||Material / 物料 | U35: Formula helper / 公式辅助 | V35: Inbound pallet per request: 10-105-00346-00 qty 200 to R1-4-2-L | W35: =IF(A35="","",IF(AND(Z35="Yes",P35=""),"Missing stock condition / 缺库存属性",IF(AND(P35="New / 新机",C35="Return_to_Repair"),"New/repair conflict / 新机维修冲突","OK"))) -> OK | X35: =IF(OR(C35="",D35=""),0,IF(COUNTIFS($C$2:C35,C35,$D$2:D35,D35)=1,1,0)) -> 0 | Y35: =IF(AND(C35="Outbound",D35<>"",COUNTIFS($C$2:C35,"Outbound",$D$2:D35,D35)=1,COUNTIFS($C$2:$C1025,"Return_to_Repair",$D$2:$D1025,D35)=0),1,0) -> 0 | Z35: =IF(G35="","",IFERROR(VLOOKUP(G35,'Product_Stock_Master产品维护'!$A$2:$L992,11,FALSE),"No")) -> No | AA35: =IF(G35="","",IFERROR(VLOOKUP(G35,'Product_Stock_Master产品维护'!$A$2:$L992,12,FALSE),""))
A36: 2026-07-22 | C36: Inbound | G36: 10-205-00018-02 | H36: =IF(G36="","",IFERROR(VLOOKUP(G36,'Product_Stock_Master产品维护'!$A$2:$E992,2,FALSE()),"SKU not found")) -> 纸箱 H1/AC1 562*542*282 YELLOW | I36: =IF(G36="","",IFERROR(VLOOKUP(G36,'Product_Stock_Master产品维护'!$A$2:$E992,3,FALSE()),"Item type not found")) -> Material | K36: 100 | M36: R1-4-1-L | O36: =IF(C36="","",IF(AND(G36="",NOT(AND(C36="Adjustment_In",P36="Material / 物料"))),"Missing SKU / 缺料号",IF(K36="","Missing Qty / 缺数量",IF(AND(I36="Product",OR(C36="Outbound",C36="Return_to_Repair"),J36=""),"Missing SN for product outbound/return / 成品出库或维修回退缺SN",IF(C36="Move",IF(OR(L36="",M36=""),"Missing Move location / 移库缺来源或目标库位","OK"),IF(OR(C36="Opening",C36="Inbound",C36="Return_to_Repair",C36="Adjustment_In"),IF(M36="","Missing To Location / 缺目标库位","OK"),IF(OR(C36="Outbound",C36="Adjustment_Out",C36="Prepared"),IF(L36="","Missing From Location / 缺来源库位","OK"),"OK"))))))) -> OK | P36: Material / 物料 | Q36: =IF(C36="","",IF(OR(C36="Opening",C36="Inbound",C36="Return_to_Repair",C36="Adjustment_In"),M36,IF(OR(C36="Outbound",C36="Move",C36="Adjustment_Out",C36="Prepared"),L36,""))) -> R1-4-1-L | R36: =IF(C36="","",IF(C36="Return_to_Repair",J36,"")) | S36: =IF(C36="","",IF(C36="Prepared",0,IF(OR(C36="Opening",C36="Inbound",C36="Return_to_Repair",C36="Adjustment_In"),K36,IF(OR(C36="Outbound",C36="Adjustment_Out",C36="Move"),-K36,0)))) -> 100 | T36: =IF(Q36="","",Q36&"|"&F36&"|"&G36&"|"&R36&"|"&P36) -> R1-4-1-L||10-205-00018-02||Material / 物料 | U36: Formula helper / 公式辅助 | V36: Inbound pallet per request: 10-205-00018-02 qty 100 to R1-4-1-L | W36: =IF(A36="","",IF(AND(Z36="Yes",P36=""),"Missing stock condition / 缺库存属性",IF(AND(P36="New / 新机",C36="Return_to_Repair"),"New/repair conflict / 新机维修冲突","OK"))) -> OK | X36: =IF(OR(C36="",D36=""),0,IF(COUNTIFS($C$2:C36,C36,$D$2:D36,D36)=1,1,0)) -> 0 | Y36: =IF(AND(C36="Outbound",D36<>"",COUNTIFS($C$2:C36,"Outbound",$D$2:D36,D36)=1,COUNTIFS($C$2:$C1026,"Return_to_Repair",$D$2:$D1026,D36)=0),1,0) -> 0 | Z36: =IF(G36="","",IFERROR(VLOOKUP(G36,'Product_Stock_Master产品维护'!$A$2:$L992,11,FALSE),"No")) | AA36: =IF(G36="","",IFERROR(VLOOKUP(G36,'Product_Stock_Master产品维护'!$A$2:$L992,12,FALSE),""))
A37: 2026-07-22 | C37: Opening | G37: 97-229-00018-00 | H37: =IF(G37="","",IFERROR(VLOOKUP(G37,'Product_Stock_Master产品维护'!$A$2:$E992,2,FALSE()),"SKU not found")) -> CQ6-S | I37: =IF(G37="","",IFERROR(VLOOKUP(G37,'Product_Stock_Master产品维护'!$A$2:$E992,3,FALSE()),"Item type not found")) -> Product | K37: 8 | M37: R2-1-5-L | O37: =IF(C37="","",IF(AND(G37="",NOT(AND(C37="Adjustment_In",P37="Material / 物料"))),"Missing SKU / 缺料号",IF(K37="","Missing Qty / 缺数量",IF(AND(I37="Product",OR(C37="Outbound",C37="Return_to_Repair"),J37=""),"Missing SN for product outbound/return / 成品出库或维修回退缺SN",IF(C37="Move",IF(OR(L37="",M37=""),"Missing Move location / 移库缺来源或目标库位","OK"),IF(OR(C37="Opening",C37="Inbound",C37="Return_to_Repair",C37="Adjustment_In"),IF(M37="","Missing To Location / 缺目标库位","OK"),IF(OR(C37="Outbound",C37="Adjustment_Out",C37="Prepared"),IF(L37="","Missing From Location / 缺来源库位","OK"),"OK"))))))) -> OK | P37: Repair_Good / 维修良品 | Q37: =IF(C37="","",IF(OR(C37="Opening",C37="Inbound",C37="Return_to_Repair",C37="Adjustment_In"),M37,IF(OR(C37="Outbound",C37="Move",C37="Adjustment_Out",C37="Prepared"),L37,""))) -> R2-1-5-L | R37: =IF(C37="","",IF(C37="Return_to_Repair",J37,"")) | S37: =IF(C37="","",IF(C37="Prepared",0,IF(OR(C37="Opening",C37="Inbound",C37="Return_to_Repair",C37="Adjustment_In"),K37,IF(OR(C37="Outbound",C37="Adjustment_Out",C37="Move"),-K37,0)))) -> 8 | T37: =IF(Q37="","",Q37&"|"&F37&"|"&G37&"|"&R37&"|"&P37) -> R2-1-5-L||97-229-00018-00||Repair_Good / 维修良品 | U37: Formula helper / 公式辅助 | W37: =IF(A37="","",IF(AND(Z37="Yes",P37=""),"Missing stock condition / 缺库存属性",IF(AND(P37="New / 新机",C37="Return_to_Repair"),"New/repair conflict / 新机维修冲突","OK"))) -> OK | X37: =IF(OR(C37="",D37=""),0,IF(COUNTIFS($C$2:C37,C37,$D$2:D37,D37)=1,1,0)) -> 0 | Y37: =IF(AND(C37="Outbound",D37<>"",COUNTIFS($C$2:C37,"Outbound",$D$2:D37,D37)=1,COUNTIFS($C$2:$C1027,"Return_to_Repair",$D$2:$D1027,D37)=0),1,0) -> 0 | Z37: =IF(G37="","",IFERROR(VLOOKUP(G37,'Product_Stock_Master产品维护'!$A$2:$L992,11,FALSE),"No")) -> Yes | AA37: =IF(G37="","",IFERROR(VLOOKUP(G37,'Product_Stock_Master产品维护'!$A$2:$L992,12,FALSE),"")) -> Battery / 电池
A38: 2026-07-22 | C38: Opening | F38: Mix001 | G38: 97-229-00015-00 | H38: =IF(G38="","",IFERROR(VLOOKUP(G38,'Product_Stock_Master产品维护'!$A$2:$E992,2,FALSE()),"SKU not found")) -> CQ6-S | I38: =IF(G38="","",IFERROR(VLOOKUP(G38,'Product_Stock_Master产品维护'!$A$2:$E992,3,FALSE()),"Item type not found")) -> Product | K38: 3 | M38: R2-1-5-R | O38: =IF(C38="","",IF(AND(G38="",NOT(AND(C38="Adjustment_In",P38="Material / 物料"))),"Missing SKU / 缺料号",IF(K38="","Missing Qty / 缺数量",IF(AND(I38="Product",OR(C38="Outbound",C38="Return_to_Repair"),J38=""),"Missing SN for product outbound/return / 成品出库或维修回退缺SN",IF(C38="Move",IF(OR(L38="",M38=""),"Missing Move location / 移库缺来源或目标库位","OK"),IF(OR(C38="Opening",C38="Inbound",C38="Return_to_Repair",C38="Adjustment_In"),IF(M38="","Missing To Location / 缺目标库位","OK"),IF(OR(C38="Outbound",C38="Adjustment_Out",C38="Prepared"),IF(L38="","Missing From Location / 缺来源库位","OK"),"OK"))))))) -> OK | P38: Repair_Good / 维修良品 | Q38: =IF(C38="","",IF(OR(C38="Opening",C38="Inbound",C38="Return_to_Repair",C38="Adjustment_In"),M38,IF(OR(C38="Outbound",C38="Move",C38="Adjustment_Out",C38="Prepared"),L38,""))) -> R2-1-5-R | R38: =IF(C38="","",IF(C38="Return_to_Repair",J38,"")) | S38: =IF(C38="","",IF(C38="Prepared",0,IF(OR(C38="Opening",C38="Inbound",C38="Return_to_Repair",C38="Adjustment_In"),K38,IF(OR(C38="Outbound",C38="Adjustment_Out",C38="Move"),-K38,0)))) -> 3 | T38: =IF(Q38="","",Q38&"|"&F38&"|"&G38&"|"&R38&"|"&P38) -> R2-1-5-R|Mix001|97-229-00015-00||Repair_Good / 维修良品 | U38: Formula helper / 公式辅助 | W38: =IF(A38="","",IF(AND(Z38="Yes",P38=""),"Missing stock condition / 缺库存属性",IF(AND(P38="New / 新机",C38="Return_to_Repair"),"New/repair conflict / 新机维修冲突","OK"))) -> OK | X38: =IF(OR(C38="",D38=""),0,IF(COUNTIFS($C$2:C38,C38,$D$2:D38,D38)=1,1,0)) -> 0 | Y38: =IF(AND(C38="Outbound",D38<>"",COUNTIFS($C$2:C38,"Outbound",$D$2:D38,D38)=1,COUNTIFS($C$2:$C1028,"Return_to_Repair",$D$2:$D1028,D38)=0),1,0) -> 0 | Z38: =IF(G38="","",IFERROR(VLOOKUP(G38,'Product_Stock_Master产品维护'!$A$2:$L992,11,FALSE),"No")) -> Yes | AA38: =IF(G38="","",IFERROR(VLOOKUP(G38,'Product_Stock_Master产品维护'!$A$2:$L992,12,FALSE),"")) -> Battery / 电池
A39: 2026-07-22 | C39: Opening | F39: Mix001 | G39: 97-229-00018-00 | H39: =IF(G39="","",IFERROR(VLOOKUP(G39,'Product_Stock_Master产品维护'!$A$2:$E992,2,FALSE()),"SKU not found")) -> CQ6-S | I39: =IF(G39="","",IFERROR(VLOOKUP(G39,'Product_Stock_Master产品维护'!$A$2:$E992,3,FALSE()),"Item type not found")) -> Product | K39: 5 | M39: R2-1-5-R | O39: =IF(C39="","",IF(AND(G39="",NOT(AND(C39="Adjustment_In",P39="Material / 物料"))),"Missing SKU / 缺料号",IF(K39="","Missing Qty / 缺数量",IF(AND(I39="Product",OR(C39="Outbound",C39="Return_to_Repair"),J39=""),"Missing SN for product outbound/return / 成品出库或维修回退缺SN",IF(C39="Move",IF(OR(L39="",M39=""),"Missing Move location / 移库缺来源或目标库位","OK"),IF(OR(C39="Opening",C39="Inbound",C39="Return_to_Repair",C39="Adjustment_In"),IF(M39="","Missing To Location / 缺目标库位","OK"),IF(OR(C39="Outbound",C39="Adjustment_Out",C39="Prepared"),IF(L39="","Missing From Location / 缺来源库位","OK"),"OK"))))))) -> OK | P39: Repair_Good / 维修良品 | Q39: =IF(C39="","",IF(OR(C39="Opening",C39="Inbound",C39="Return_to_Repair",C39="Adjustment_In"),M39,IF(OR(C39="Outbound",C39="Move",C39="Adjustment_Out",C39="Prepared"),L39,""))) -> R2-1-5-R | R39: =IF(C39="","",IF(C39="Return_to_Repair",J39,"")) | S39: =IF(C39="","",IF(C39="Prepared",0,IF(OR(C39="Opening",C39="Inbound",C39="Return_to_Repair",C39="Adjustment_In"),K39,IF(OR(C39="Outbound",C39="Adjustment_Out",C39="Move"),-K39,0)))) -> 5 | T39: =IF(Q39="","",Q39&"|"&F39&"|"&G39&"|"&R39&"|"&P39) -> R2-1-5-R|Mix001|97-229-00018-00||Repair_Good / 维修良品 | U39: Formula helper / 公式辅助 | W39: =IF(A39="","",IF(AND(Z39="Yes",P39=""),"Missing stock condition / 缺库存属性",IF(AND(P39="New / 新机",C39="Return_to_Repair"),"New/repair conflict / 新机维修冲突","OK"))) -> OK | X39: =IF(OR(C39="",D39=""),0,IF(COUNTIFS($C$2:C39,C39,$D$2:D39,D39)=1,1,0)) -> 0 | Y39: =IF(AND(C39="Outbound",D39<>"",COUNTIFS($C$2:C39,"Outbound",$D$2:D39,D39)=1,COUNTIFS($C$2:$C1029,"Return_to_Repair",$D$2:$D1029,D39)=0),1,0) -> 0 | Z39: =IF(G39="","",IFERROR(VLOOKUP(G39,'Product_Stock_Master产品维护'!$A$2:$L992,11,FALSE),"No")) -> Yes | AA39: =IF(G39="","",IFERROR(VLOOKUP(G39,'Product_Stock_Master产品维护'!$A$2:$L992,12,FALSE),"")) -> Battery / 电池
A40: 2026-07-22 | C40: Opening | G40: 97-223-00107-00 | H40: =IF(G40="","",IFERROR(VLOOKUP(G40,'Product_Stock_Master产品维护'!$A$2:$E992,2,FALSE()),"SKU not found")) -> EQ4800-S | I40: =IF(G40="","",IFERROR(VLOOKUP(G40,'Product_Stock_Master产品维护'!$A$2:$E992,3,FALSE()),"Item type not found")) -> Product | K40: 16 | M40: R2-1-4-R | O40: =IF(C40="","",IF(AND(G40="",NOT(AND(C40="Adjustment_In",P40="Material / 物料"))),"Missing SKU / 缺料号",IF(K40="","Missing Qty / 缺数量",IF(AND(I40="Product",OR(C40="Outbound",C40="Return_to_Repair"),J40=""),"Missing SN for product outbound/return / 成品出库或维修回退缺SN",IF(C40="Move",IF(OR(L40="",M40=""),"Missing Move location / 移库缺来源或目标库位","OK"),IF(OR(C40="Opening",C40="Inbound",C40="Return_to_Repair",C40="Adjustment_In"),IF(M40="","Missing To Location / 缺目标库位","OK"),IF(OR(C40="Outbound",C40="Adjustment_Out",C40="Prepared"),IF(L40="","Missing From Location / 缺来源库位","OK"),"OK"))))))) -> OK | P40: New / 新机 | Q40: =IF(C40="","",IF(OR(C40="Opening",C40="Inbound",C40="Return_to_Repair",C40="Adjustment_In"),M40,IF(OR(C40="Outbound",C40="Move",C40="Adjustment_Out",C40="Prepared"),L40,""))) -> R2-1-4-R | R40: =IF(C40="","",IF(C40="Return_to_Repair",J40,"")) | S40: =IF(C40="","",IF(C40="Prepared",0,IF(OR(C40="Opening",C40="Inbound",C40="Return_to_Repair",C40="Adjustment_In"),K40,IF(OR(C40="Outbound",C40="Adjustment_Out",C40="Move"),-K40,0)))) -> 16 | T40: =IF(Q40="","",Q40&"|"&F40&"|"&G40&"|"&R40&"|"&P40) -> R2-1-4-R||97-223-00107-00||New / 新机 | U40: Formula helper / 公式辅助 | W40: =IF(A40="","",IF(AND(Z40="Yes",P40=""),"Missing stock condition / 缺库存属性",IF(AND(P40="New / 新机",C40="Return_to_Repair"),"New/repair conflict / 新机维修冲突","OK"))) -> OK | X40: =IF(OR(C40="",D40=""),0,IF(COUNTIFS($C$2:C40,C40,$D$2:D40,D40)=1,1,0)) -> 0 | Y40: =IF(AND(C40="Outbound",D40<>"",COUNTIFS($C$2:C40,"Outbound",$D$2:D40,D40)=1,COUNTIFS($C$2:$C1030,"Return_to_Repair",$D$2:$D1030,D40)=0),1,0) -> 0 | Z40: =IF(G40="","",IFERROR(VLOOKUP(G40,'Product_Stock_Master产品维护'!$A$2:$L992,11,FALSE),"No")) -> Yes | AA40: =IF(G40="","",IFERROR(VLOOKUP(G40,'Product_Stock_Master产品维护'!$A$2:$L992,12,FALSE),"")) -> Battery / 电池
A41: 2026-07-22 | C41: Outbound | G41: 20-051-00080-00 | H41: =IF(G41="","",IFERROR(VLOOKUP(G41,'Product_Stock_Master产品维护'!$A$2:$E992,2,FALSE()),"SKU not found")) -> 线束半成品 功率线 62930 IEC 131 1x16.0 mm² 红/黑 DC1500V 90℃ VW-1 CQ6-安费诺-正负极外部动力线-光伏线5米PV | I41: =IF(G41="","",IFERROR(VLOOKUP(G41,'Product_Stock_Master产品维护'!$A$2:$E992,3,FALSE()),"Item type not found")) -> Material | K41: 129 | L41: R1-3-1-L | O41: =IF(C41="","",IF(AND(G41="",NOT(AND(C41="Adjustment_In",P41="Material / 物料"))),"Missing SKU / 缺料号",IF(K41="","Missing Qty / 缺数量",IF(AND(I41="Product",OR(C41="Outbound",C41="Return_to_Repair"),J41=""),"Missing SN for product outbound/return / 成品出库或维修回退缺SN",IF(C41="Move",IF(OR(L41="",M41=""),"Missing Move location / 移库缺来源或目标库位","OK"),IF(OR(C41="Opening",C41="Inbound",C41="Return_to_Repair",C41="Adjustment_In"),IF(M41="","Missing To Location / 缺目标库位","OK"),IF(OR(C41="Outbound",C41="Adjustment_Out",C41="Prepared"),IF(L41="","Missing From Location / 缺来源库位","OK"),"OK"))))))) -> OK | P41: Material / 物料 | Q41: =IF(C41="","",IF(OR(C41="Opening",C41="Inbound",C41="Return_to_Repair",C41="Adjustment_In"),M41,IF(OR(C41="Outbound",C41="Move",C41="Adjustment_Out",C41="Prepared"),L41,""))) -> R1-3-1-L | R41: =IF(C41="","",IF(C41="Return_to_Repair",J41,"")) | S41: =IF(C41="","",IF(C41="Prepared",0,IF(OR(C41="Opening",C41="Inbound",C41="Return_to_Repair",C41="Adjustment_In"),K41,IF(OR(C41="Outbound",C41="Adjustment_Out",C41="Move"),-K41,0)))) -> -129 | T41: =IF(Q41="","",Q41&"|"&F41&"|"&G41&"|"&R41&"|"&P41) -> R1-3-1-L||20-051-00080-00||Material / 物料 | U41: Formula helper / 公式辅助 | W41: =IF(A41="","",IF(AND(Z41="Yes",P41=""),"Missing stock condition / 缺库存属性",IF(AND(P41="New / 新机",C41="Return_to_Repair"),"New/repair conflict / 新机维修冲突","OK"))) -> OK | X41: =IF(OR(C41="",D41=""),0,IF(COUNTIFS($C$2:C41,C41,$D$2:D41,D41)=1,1,0)) -> 0 | Y41: =IF(AND(C41="Outbound",D41<>"",COUNTIFS($C$2:C41,"Outbound",$D$2:D41,D41)=1,COUNTIFS($C$2:$C1031,"Return_to_Repair",$D$2:$D1031,D41)=0),1,0) -> 0 | Z41: =IF(G41="","",IFERROR(VLOOKUP(G41,'Product_Stock_Master产品维护'!$A$2:$L992,11,FALSE),"No")) -> No | AA41: =IF(G41="","",IFERROR(VLOOKUP(G41,'Product_Stock_Master产品维护'!$A$2:$L992,12,FALSE),""))
A42: 2026-07-22 | C42: Inbound | G42: 97-406-00018-00 | H42: =IF(G42="","",IFERROR(VLOOKUP(G42,'Product_Stock_Master产品维护'!$A$2:$E992,2,FALSE()),"SKU not found")) -> H1-G2遮线罩 | I42: =IF(G42="","",IFERROR(VLOOKUP(G42,'Product_Stock_Master产品维护'!$A$2:$E992,3,FALSE()),"Item type not found")) -> Material | K42: 84 | M42: R1-3-1-L | O42: =IF(C42="","",IF(AND(G42="",NOT(AND(C42="Adjustment_In",P42="Material / 物料"))),"Missing SKU / 缺料号",IF(K42="","Missing Qty / 缺数量",IF(AND(I42="Product",OR(C42="Outbound",C42="Return_to_Repair"),J42=""),"Missing SN for product outbound/return / 成品出库或维修回退缺SN",IF(C42="Move",IF(OR(L42="",M42=""),"Missing Move location / 移库缺来源或目标库位","OK"),IF(OR(C42="Opening",C42="Inbound",C42="Return_to_Repair",C42="Adjustment_In"),IF(M42="","Missing To Location / 缺目标库位","OK"),IF(OR(C42="Outbound",C42="Adjustment_Out",C42="Prepared"),IF(L42="","Missing From Location / 缺来源库位","OK"),"OK"))))))) -> OK | P42: Material / 物料 | Q42: =IF(C42="","",IF(OR(C42="Opening",C42="Inbound",C42="Return_to_Repair",C42="Adjustment_In"),M42,IF(OR(C42="Outbound",C42="Move",C42="Adjustment_Out",C42="Prepared"),L42,""))) -> R1-3-1-L | R42: =IF(C42="","",IF(C42="Return_to_Repair",J42,"")) | S42: =IF(C42="","",IF(C42="Prepared",0,IF(OR(C42="Opening",C42="Inbound",C42="Return_to_Repair",C42="Adjustment_In"),K42,IF(OR(C42="Outbound",C42="Adjustment_Out",C42="Move"),-K42,0)))) -> 84 | T42: =IF(Q42="","",Q42&"|"&F42&"|"&G42&"|"&R42&"|"&P42) -> R1-3-1-L||97-406-00018-00||Material / 物料 | U42: Formula helper / 公式辅助 | W42: =IF(A42="","",IF(AND(Z42="Yes",P42=""),"Missing stock condition / 缺库存属性",IF(AND(P42="New / 新机",C42="Return_to_Repair"),"New/repair conflict / 新机维修冲突","OK"))) -> OK | X42: =IF(OR(C42="",D42=""),0,IF(COUNTIFS($C$2:C42,C42,$D$2:D42,D42)=1,1,0)) -> 0 | Y42: =IF(AND(C42="Outbound",D42<>"",COUNTIFS($C$2:C42,"Outbound",$D$2:D42,D42)=1,COUNTIFS($C$2:$C1032,"Return_to_Repair",$D$2:$D1032,D42)=0),1,0) -> 0 | Z42: =IF(G42="","",IFERROR(VLOOKUP(G42,'Product_Stock_Master产品维护'!$A$2:$L992,11,FALSE),"No")) -> No | AA42: =IF(G42="","",IFERROR(VLOOKUP(G42,'Product_Stock_Master产品维护'!$A$2:$L992,12,FALSE),""))
A43: 2026-07-22 | C43: Inbound | G43: 97-406-00018-00 | H43: =IF(G43="","",IFERROR(VLOOKUP(G43,'Product_Stock_Master产品维护'!$A$2:$E992,2,FALSE()),"SKU not found")) -> H1-G2遮线罩 | I43: =IF(G43="","",IFERROR(VLOOKUP(G43,'Product_Stock_Master产品维护'!$A$2:$E992,3,FALSE()),"Item type not found")) -> Material | K43: 84 | M43: R1-3-1-R | O43: =IF(C43="","",IF(AND(G43="",NOT(AND(C43="Adjustment_In",P43="Material / 物料"))),"Missing SKU / 缺料号",IF(K43="","Missing Qty / 缺数量",IF(AND(I43="Product",OR(C43="Outbound",C43="Return_to_Repair"),J43=""),"Missing SN for product outbound/return / 成品出库或维修回退缺SN",IF(C43="Move",IF(OR(L43="",M43=""),"Missing Move location / 移库缺来源或目标库位","OK"),IF(OR(C43="Opening",C43="Inbound",C43="Return_to_Repair",C43="Adjustment_In"),IF(M43="","Missing To Location / 缺目标库位","OK"),IF(OR(C43="Outbound",C43="Adjustment_Out",C43="Prepared"),IF(L43="","Missing From Location / 缺来源库位","OK"),"OK"))))))) -> OK | P43: Material / 物料 | Q43: =IF(C43="","",IF(OR(C43="Opening",C43="Inbound",C43="Return_to_Repair",C43="Adjustment_In"),M43,IF(OR(C43="Outbound",C43="Move",C43="Adjustment_Out",C43="Prepared"),L43,""))) -> R1-3-1-R | R43: =IF(C43="","",IF(C43="Return_to_Repair",J43,"")) | S43: =IF(C43="","",IF(C43="Prepared",0,IF(OR(C43="Opening",C43="Inbound",C43="Return_to_Repair",C43="Adjustment_In"),K43,IF(OR(C43="Outbound",C43="Adjustment_Out",C43="Move"),-K43,0)))) -> 84 | T43: =IF(Q43="","",Q43&"|"&F43&"|"&G43&"|"&R43&"|"&P43) -> R1-3-1-R||97-406-00018-00||Material / 物料 | U43: Formula helper / 公式辅助 | W43: =IF(A43="","",IF(AND(Z43="Yes",P43=""),"Missing stock condition / 缺库存属性",IF(AND(P43="New / 新机",C43="Return_to_Repair"),"New/repair conflict / 新机维修冲突","OK"))) -> OK | X43: =IF(OR(C43="",D43=""),0,IF(COUNTIFS($C$2:C43,C43,$D$2:D43,D43)=1,1,0)) -> 0 | Y43: =IF(AND(C43="Outbound",D43<>"",COUNTIFS($C$2:C43,"Outbound",$D$2:D43,D43)=1,COUNTIFS($C$2:$C1033,"Return_to_Repair",$D$2:$D1033,D43)=0),1,0) -> 0 | Z43: =IF(G43="","",IFERROR(VLOOKUP(G43,'Product_Stock_Master产品维护'!$A$2:$L992,11,FALSE),"No")) -> No | AA43: =IF(G43="","",IFERROR(VLOOKUP(G43,'Product_Stock_Master产品维护'!$A$2:$L992,12,FALSE),""))
A44: 2026-07-22 | C44: Inbound | G44: 97-414-00027-00 | H44: =IF(G44="","",IFERROR(VLOOKUP(G44,'Product_Stock_Master产品维护'!$A$2:$E992,2,FALSE()),"SKU not found")) -> EQ4800-side-cover | I44: =IF(G44="","",IFERROR(VLOOKUP(G44,'Product_Stock_Master产品维护'!$A$2:$E992,3,FALSE()),"Item type not found")) -> Material | K44: 288 | M44: R1-2-1-L | O44: =IF(C44="","",IF(AND(G44="",NOT(AND(C44="Adjustment_In",P44="Material / 物料"))),"Missing SKU / 缺料号",IF(K44="","Missing Qty / 缺数量",IF(AND(I44="Product",OR(C44="Outbound",C44="Return_to_Repair"),J44=""),"Missing SN for product outbound/return / 成品出库或维修回退缺SN",IF(C44="Move",IF(OR(L44="",M44=""),"Missing Move location / 移库缺来源或目标库位","OK"),IF(OR(C44="Opening",C44="Inbound",C44="Return_to_Repair",C44="Adjustment_In"),IF(M44="","Missing To Location / 缺目标库位","OK"),IF(OR(C44="Outbound",C44="Adjustment_Out",C44="Prepared"),IF(L44="","Missing From Location / 缺来源库位","OK"),"OK"))))))) -> OK | P44: Material / 物料 | Q44: =IF(C44="","",IF(OR(C44="Opening",C44="Inbound",C44="Return_to_Repair",C44="Adjustment_In"),M44,IF(OR(C44="Outbound",C44="Move",C44="Adjustment_Out",C44="Prepared"),L44,""))) -> R1-2-1-L | R44: =IF(C44="","",IF(C44="Return_to_Repair",J44,"")) | S44: =IF(C44="","",IF(C44="Prepared",0,IF(OR(C44="Opening",C44="Inbound",C44="Return_to_Repair",C44="Adjustment_In"),K44,IF(OR(C44="Outbound",C44="Adjustment_Out",C44="Move"),-K44,0)))) -> 288 | T44: =IF(Q44="","",Q44&"|"&F44&"|"&G44&"|"&R44&"|"&P44) -> R1-2-1-L||97-414-00027-00||Material / 物料 | U44: Formula helper / 公式辅助 | W44: =IF(A44="","",IF(AND(Z44="Yes",P44=""),"Missing stock condition / 缺库存属性",IF(AND(P44="New / 新机",C44="Return_to_Repair"),"New/repair conflict / 新机维修冲突","OK"))) -> OK | X44: =IF(OR(C44="",D44=""),0,IF(COUNTIFS($C$2:C44,C44,$D$2:D44,D44)=1,1,0)) -> 0 | Y44: =IF(AND(C44="Outbound",D44<>"",COUNTIFS($C$2:C44,"Outbound",$D$2:D44,D44)=1,COUNTIFS($C$2:$C1034,"Return_to_Repair",$D$2:$D1034,D44)=0),1,0) -> 0 | Z44: =IF(G44="","",IFERROR(VLOOKUP(G44,'Product_Stock_Master产品维护'!$A$2:$L992,11,FALSE),"No")) -> No | AA44: =IF(G44="","",IFERROR(VLOOKUP(G44,'Product_Stock_Master产品维护'!$A$2:$L992,12,FALSE),""))
A45: 2026-07-22 | C45: Inbound | G45: 97-414-00027-00 | H45: =IF(G45="","",IFERROR(VLOOKUP(G45,'Product_Stock_Master产品维护'!$A$2:$E992,2,FALSE()),"SKU not found")) -> EQ4800-side-cover | I45: =IF(G45="","",IFERROR(VLOOKUP(G45,'Product_Stock_Master产品维护'!$A$2:$E992,3,FALSE()),"Item type not found")) -> Material | K45: 288 | M45: R1-2-1-R | O45: =IF(C45="","",IF(AND(G45="",NOT(AND(C45="Adjustment_In",P45="Material / 物料"))),"Missing SKU / 缺料号",IF(K45="","Missing Qty / 缺数量",IF(AND(I45="Product",OR(C45="Outbound",C45="Return_to_Repair"),J45=""),"Missing SN for product outbound/return / 成品出库或维修回退缺SN",IF(C45="Move",IF(OR(L45="",M45=""),"Missing Move location / 移库缺来源或目标库位","OK"),IF(OR(C45="Opening",C45="Inbound",C45="Return_to_Repair",C45="Adjustment_In"),IF(M45="","Missing To Location / 缺目标库位","OK"),IF(OR(C45="Outbound",C45="Adjustment_Out",C45="Prepared"),IF(L45="","Missing From Location / 缺来源库位","OK"),"OK"))))))) -> OK | P45: Material / 物料 | Q45: =IF(C45="","",IF(OR(C45="Opening",C45="Inbound",C45="Return_to_Repair",C45="Adjustment_In"),M45,IF(OR(C45="Outbound",C45="Move",C45="Adjustment_Out",C45="Prepared"),L45,""))) -> R1-2-1-R | R45: =IF(C45="","",IF(C45="Return_to_Repair",J45,"")) | S45: =IF(C45="","",IF(C45="Prepared",0,IF(OR(C45="Opening",C45="Inbound",C45="Return_to_Repair",C45="Adjustment_In"),K45,IF(OR(C45="Outbound",C45="Adjustment_Out",C45="Move"),-K45,0)))) -> 288 | T45: =IF(Q45="","",Q45&"|"&F45&"|"&G45&"|"&R45&"|"&P45) -> R1-2-1-R||97-414-00027-00||Material / 物料 | U45: Formula helper / 公式辅助 | W45: =IF(A45="","",IF(AND(Z45="Yes",P45=""),"Missing stock condition / 缺库存属性",IF(AND(P45="New / 新机",C45="Return_to_Repair"),"New/repair conflict / 新机维修冲突","OK"))) -> OK | X45: =IF(OR(C45="",D45=""),0,IF(COUNTIFS($C$2:C45,C45,$D$2:D45,D45)=1,1,0)) -> 0 | Y45: =IF(AND(C45="Outbound",D45<>"",COUNTIFS($C$2:C45,"Outbound",$D$2:D45,D45)=1,COUNTIFS($C$2:$C1035,"Return_to_Repair",$D$2:$D1035,D45)=0),1,0) -> 0 | Z45: =IF(G45="","",IFERROR(VLOOKUP(G45,'Product_Stock_Master产品维护'!$A$2:$L992,11,FALSE),"No")) -> No | AA45: =IF(G45="","",IFERROR(VLOOKUP(G45,'Product_Stock_Master产品维护'!$A$2:$L992,12,FALSE),""))
A46: 2026-07-22 | C46: Inbound | G46: 97-406-00017-00 | H46: =IF(G46="","",IFERROR(VLOOKUP(G46,'Product_Stock_Master产品维护'!$A$2:$E992,2,FALSE()),"SKU not found")) -> KH遮线罩 | I46: =IF(G46="","",IFERROR(VLOOKUP(G46,'Product_Stock_Master产品维护'!$A$2:$E992,3,FALSE()),"Item type not found")) -> Material | K46: 72 | M46: R1-3-2-L | O46: =IF(C46="","",IF(AND(G46="",NOT(AND(C46="Adjustment_In",P46="Material / 物料"))),"Missing SKU / 缺料号",IF(K46="","Missing Qty / 缺数量",IF(AND(I46="Product",OR(C46="Outbound",C46="Return_to_Repair"),J46=""),"Missing SN for product outbound/return / 成品出库或维修回退缺SN",IF(C46="Move",IF(OR(L46="",M46=""),"Missing Move location / 移库缺来源或目标库位","OK"),IF(OR(C46="Opening",C46="Inbound",C46="Return_to_Repair",C46="Adjustment_In"),IF(M46="","Missing To Location / 缺目标库位","OK"),IF(OR(C46="Outbound",C46="Adjustment_Out",C46="Prepared"),IF(L46="","Missing From Location / 缺来源库位","OK"),"OK"))))))) -> OK | P46: Material / 物料 | Q46: =IF(C46="","",IF(OR(C46="Opening",C46="Inbound",C46="Return_to_Repair",C46="Adjustment_In"),M46,IF(OR(C46="Outbound",C46="Move",C46="Adjustment_Out",C46="Prepared"),L46,""))) -> R1-3-2-L | R46: =IF(C46="","",IF(C46="Return_to_Repair",J46,"")) | S46: =IF(C46="","",IF(C46="Prepared",0,IF(OR(C46="Opening",C46="Inbound",C46="Return_to_Repair",C46="Adjustment_In"),K46,IF(OR(C46="Outbound",C46="Adjustment_Out",C46="Move"),-K46,0)))) -> 72 | T46: =IF(Q46="","",Q46&"|"&F46&"|"&G46&"|"&R46&"|"&P46) -> R1-3-2-L||97-406-00017-00||Material / 物料 | U46: Formula helper / 公式辅助 | W46: =IF(A46="","",IF(AND(Z46="Yes",P46=""),"Missing stock condition / 缺库存属性",IF(AND(P46="New / 新机",C46="Return_to_Repair"),"New/repair conflict / 新机维修冲突","OK"))) -> OK | X46: =IF(OR(C46="",D46=""),0,IF(COUNTIFS($C$2:C46,C46,$D$2:D46,D46)=1,1,0)) -> 0 | Y46: =IF(AND(C46="Outbound",D46<>"",COUNTIFS($C$2:C46,"Outbound",$D$2:D46,D46)=1,COUNTIFS($C$2:$C1036,"Return_to_Repair",$D$2:$D1036,D46)=0),1,0) -> 0 | Z46: =IF(G46="","",IFERROR(VLOOKUP(G46,'Product_Stock_Master产品维护'!$A$2:$L992,11,FALSE),"No")) -> No | AA46: =IF(G46="","",IFERROR(VLOOKUP(G46,'Product_Stock_Master产品维护'!$A$2:$L992,12,FALSE),""))
A47: 2026-07-22 | C47: Inbound | G47: 97-406-00017-00 | H47: =IF(G47="","",IFERROR(VLOOKUP(G47,'Product_Stock_Master产品维护'!$A$2:$E992,2,FALSE()),"SKU not found")) -> KH遮线罩 | I47: =IF(G47="","",IFERROR(VLOOKUP(G47,'Product_Stock_Master产品维护'!$A$2:$E992,3,FALSE()),"Item type not found")) -> Material | K47: 72 | M47: R1-3-2-R | O47: =IF(C47="","",IF(AND(G47="",NOT(AND(C47="Adjustment_In",P47="Material / 物料"))),"Missing SKU / 缺料号",IF(K47="","Missing Qty / 缺数量",IF(AND(I47="Product",OR(C47="Outbound",C47="Return_to_Repair"),J47=""),"Missing SN for product outbound/return / 成品出库或维修回退缺SN",IF(C47="Move",IF(OR(L47="",M47=""),"Missing Move location / 移库缺来源或目标库位","OK"),IF(OR(C47="Opening",C47="Inbound",C47="Return_to_Repair",C47="Adjustment_In"),IF(M47="","Missing To Location / 缺目标库位","OK"),IF(OR(C47="Outbound",C47="Adjustment_Out",C47="Prepared"),IF(L47="","Missing From Location / 缺来源库位","OK"),"OK"))))))) -> OK | P47: Material / 物料 | Q47: =IF(C47="","",IF(OR(C47="Opening",C47="Inbound",C47="Return_to_Repair",C47="Adjustment_In"),M47,IF(OR(C47="Outbound",C47="Move",C47="Adjustment_Out",C47="Prepared"),L47,""))) -> R1-3-2-R | R47: =IF(C47="","",IF(C47="Return_to_Repair",J47,"")) | S47: =IF(C47="","",IF(C47="Prepared",0,IF(OR(C47="Opening",C47="Inbound",C47="Return_to_Repair",C47="Adjustment_In"),K47,IF(OR(C47="Outbound",C47="Adjustment_Out",C47="Move"),-K47,0)))) -> 72 | T47: =IF(Q47="","",Q47&"|"&F47&"|"&G47&"|"&R47&"|"&P47) -> R1-3-2-R||97-406-00017-00||Material / 物料 | U47: Formula helper / 公式辅助 | W47: =IF(A47="","",IF(AND(Z47="Yes",P47=""),"Missing stock condition / 缺库存属性",IF(AND(P47="New / 新机",C47="Return_to_Repair"),"New/repair conflict / 新机维修冲突","OK"))) -> OK | X47: =IF(OR(C47="",D47=""),0,IF(COUNTIFS($C$2:C47,C47,$D$2:D47,D47)=1,1,0)) -> 0 | Y47: =IF(AND(C47="Outbound",D47<>"",COUNTIFS($C$2:C47,"Outbound",$D$2:D47,D47)=1,COUNTIFS($C$2:$C1037,"Return_to_Repair",$D$2:$D1037,D47)=0),1,0) -> 0 | Z47: =IF(G47="","",IFERROR(VLOOKUP(G47,'Product_Stock_Master产品维护'!$A$2:$L992,11,FALSE),"No")) -> No | AA47: =IF(G47="","",IFERROR(VLOOKUP(G47,'Product_Stock_Master产品维护'!$A$2:$L992,12,FALSE),""))
A48: 2026-07-22 | C48: Opening | F48: Mix002 | G48: 97-223-00108-00 | H48: =IF(G48="","",IFERROR(VLOOKUP(G48,'Product_Stock_Master产品维护'!$A$2:$E992,2,FALSE()),"SKU not found")) -> EQ4800-M | I48: =IF(G48="","",IFERROR(VLOOKUP(G48,'Product_Stock_Master产品维护'!$A$2:$E992,3,FALSE()),"Item type not found")) -> Product | K48: 1 | M48: R2-2-5-L | O48: =IF(C48="","",IF(AND(G48="",NOT(AND(C48="Adjustment_In",P48="Material / 物料"))),"Missing SKU / 缺料号",IF(K48="","Missing Qty / 缺数量",IF(AND(I48="Product",OR(C48="Outbound",C48="Return_to_Repair"),J48=""),"Missing SN for product outbound/return / 成品出库或维修回退缺SN",IF(C48="Move",IF(OR(L48="",M48=""),"Missing Move location / 移库缺来源或目标库位","OK"),IF(OR(C48="Opening",C48="Inbound",C48="Return_to_Repair",C48="Adjustment_In"),IF(M48="","Missing To Location / 缺目标库位","OK"),IF(OR(C48="Outbound",C48="Adjustment_Out",C48="Prepared"),IF(L48="","Missing From Location / 缺来源库位","OK"),"OK"))))))) -> OK | P48: Repair_Good / 维修良品 | Q48: =IF(C48="","",IF(OR(C48="Opening",C48="Inbound",C48="Return_to_Repair",C48="Adjustment_In"),M48,IF(OR(C48="Outbound",C48="Move",C48="Adjustment_Out",C48="Prepared"),L48,""))) -> R2-2-5-L | R48: =IF(C48="","",IF(C48="Return_to_Repair",J48,"")) | S48: =IF(C48="","",IF(C48="Prepared",0,IF(OR(C48="Opening",C48="Inbound",C48="Return_to_Repair",C48="Adjustment_In"),K48,IF(OR(C48="Outbound",C48="Adjustment_Out",C48="Move"),-K48,0)))) -> 1 | T48: =IF(Q48="","",Q48&"|"&F48&"|"&G48&"|"&R48&"|"&P48) -> R2-2-5-L|Mix002|97-223-00108-00||Repair_Good / 维修良品 | U48: Formula helper / 公式辅助 | W48: =IF(A48="","",IF(AND(Z48="Yes",P48=""),"Missing stock condition / 缺库存属性",IF(AND(P48="New / 新机",C48="Return_to_Repair"),"New/repair conflict / 新机维修冲突","OK"))) -> OK | X48: =IF(OR(C48="",D48=""),0,IF(COUNTIFS($C$2:C48,C48,$D$2:D48,D48)=1,1,0)) -> 0 | Y48: =IF(AND(C48="Outbound",D48<>"",COUNTIFS($C$2:C48,"Outbound",$D$2:D48,D48)=1,COUNTIFS($C$2:$C1038,"Return_to_Repair",$D$2:$D1038,D48)=0),1,0) -> 0 | Z48: =IF(G48="","",IFERROR(VLOOKUP(G48,'Product_Stock_Master产品维护'!$A$2:$L992,11,FALSE),"No")) -> Yes | AA48: =IF(G48="","",IFERROR(VLOOKUP(G48,'Product_Stock_Master产品维护'!$A$2:$L992,12,FALSE),"")) -> Battery / 电池
A49: 2026-07-22 | C49: Opening | F49: Mix002 | G49: 97-223-00090-00 | H49: =IF(G49="","",IFERROR(VLOOKUP(G49,'Product_Stock_Master产品维护'!$A$2:$E992,2,FALSE()),"SKU not found")) -> EQ4800-M | I49: =IF(G49="","",IFERROR(VLOOKUP(G49,'Product_Stock_Master产品维护'!$A$2:$E992,3,FALSE()),"Item type not found")) -> Product | K49: 4 | M49: R2-2-5-L | O49: =IF(C49="","",IF(AND(G49="",NOT(AND(C49="Adjustment_In",P49="Material / 物料"))),"Missing SKU / 缺料号",IF(K49="","Missing Qty / 缺数量",IF(AND(I49="Product",OR(C49="Outbound",C49="Return_to_Repair"),J49=""),"Missing SN for product outbound/return / 成品出库或维修回退缺SN",IF(C49="Move",IF(OR(L49="",M49=""),"Missing Move location / 移库缺来源或目标库位","OK"),IF(OR(C49="Opening",C49="Inbound",C49="Return_to_Repair",C49="Adjustment_In"),IF(M49="","Missing To Location / 缺目标库位","OK"),IF(OR(C49="Outbound",C49="Adjustment_Out",C49="Prepared"),IF(L49="","Missing From Location / 缺来源库位","OK"),"OK"))))))) -> OK | P49: Repair_Good / 维修良品 | Q49: =IF(C49="","",IF(OR(C49="Opening",C49="Inbound",C49="Return_to_Repair",C49="Adjustment_In"),M49,IF(OR(C49="Outbound",C49="Move",C49="Adjustment_Out",C49="Prepared"),L49,""))) -> R2-2-5-L | R49: =IF(C49="","",IF(C49="Return_to_Repair",J49,"")) | S49: =IF(C49="","",IF(C49="Prepared",0,IF(OR(C49="Opening",C49="Inbound",C49="Return_to_Repair",C49="Adjustment_In"),K49,IF(OR(C49="Outbound",C49="Adjustment_Out",C49="Move"),-K49,0)))) -> 4 | T49: =IF(Q49="","",Q49&"|"&F49&"|"&G49&"|"&R49&"|"&P49) -> R2-2-5-L|Mix002|97-223-00090-00||Repair_Good / 维修良品 | U49: Formula helper / 公式辅助 | W49: =IF(A49="","",IF(AND(Z49="Yes",P49=""),"Missing stock condition / 缺库存属性",IF(AND(P49="New / 新机",C49="Return_to_Repair"),"New/repair conflict / 新机维修冲突","OK"))) -> OK | X49: =IF(OR(C49="",D49=""),0,IF(COUNTIFS($C$2:C49,C49,$D$2:D49,D49)=1,1,0)) -> 0 | Y49: =IF(AND(C49="Outbound",D49<>"",COUNTIFS($C$2:C49,"Outbound",$D$2:D49,D49)=1,COUNTIFS($C$2:$C1039,"Return_to_Repair",$D$2:$D1039,D49)=0),1,0) -> 0 | Z49: =IF(G49="","",IFERROR(VLOOKUP(G49,'Product_Stock_Master产品维护'!$A$2:$L992,11,FALSE),"No")) -> Yes | AA49: =IF(G49="","",IFERROR(VLOOKUP(G49,'Product_Stock_Master产品维护'!$A$2:$L992,12,FALSE),"")) -> Battery / 电池
A50: 2026-07-22 | C50: Opening | F50: Mix002 | G50: 97-223-00064-00 | H50: =IF(G50="","",IFERROR(VLOOKUP(G50,'Product_Stock_Master产品维护'!$A$2:$E992,2,FALSE()),"SKU not found")) -> EQ4800-M | I50: =IF(G50="","",IFERROR(VLOOKUP(G50,'Product_Stock_Master产品维护'!$A$2:$E992,3,FALSE()),"Item type not found")) -> Product | K50: 3 | M50: R2-2-5-L | O50: =IF(C50="","",IF(AND(G50="",NOT(AND(C50="Adjustment_In",P50="Material / 物料"))),"Missing SKU / 缺料号",IF(K50="","Missing Qty / 缺数量",IF(AND(I50="Product",OR(C50="Outbound",C50="Return_to_Repair"),J50=""),"Missing SN for product outbound/return / 成品出库或维修回退缺SN",IF(C50="Move",IF(OR(L50="",M50=""),"Missing Move location / 移库缺来源或目标库位","OK"),IF(OR(C50="Opening",C50="Inbound",C50="Return_to_Repair",C50="Adjustment_In"),IF(M50="","Missing To Location / 缺目标库位","OK"),IF(OR(C50="Outbound",C50="Adjustment_Out",C50="Prepared"),IF(L50="","Missing From Location / 缺来源库位","OK"),"OK"))))))) -> OK | P50: Repair_Good / 维修良品 | Q50: =IF(C50="","",IF(OR(C50="Opening",C50="Inbound",C50="Return_to_Repair",C50="Adjustment_In"),M50,IF(OR(C50="Outbound",C50="Move",C50="Adjustment_Out",C50="Prepared"),L50,""))) -> R2-2-5-L | R50: =IF(C50="","",IF(C50="Return_to_Repair",J50,"")) | S50: =IF(C50="","",IF(C50="Prepared",0,IF(OR(C50="Opening",C50="Inbound",C50="Return_to_Repair",C50="Adjustment_In"),K50,IF(OR(C50="Outbound",C50="Adjustment_Out",C50="Move"),-K50,0)))) -> 3 | T50: =IF(Q50="","",Q50&"|"&F50&"|"&G50&"|"&R50&"|"&P50) -> R2-2-5-L|Mix002|97-223-00064-00||Repair_Good / 维修良品 | U50: Formula helper / 公式辅助 | W50: =IF(A50="","",IF(AND(Z50="Yes",P50=""),"Missing stock condition / 缺库存属性",IF(AND(P50="New / 新机",C50="Return_to_Repair"),"New/repair conflict / 新机维修冲突","OK"))) -> OK | X50: =IF(OR(C50="",D50=""),0,IF(COUNTIFS($C$2:C50,C50,$D$2:D50,D50)=1,1,0)) -> 0 | Y50: =IF(AND(C50="Outbound",D50<>"",COUNTIFS($C$2:C50,"Outbound",$D$2:D50,D50)=1,COUNTIFS($C$2:$C1040,"Return_to_Repair",$D$2:$D1040,D50)=0),1,0) -> 0 | Z50: =IF(G50="","",IFERROR(VLOOKUP(G50,'Product_Stock_Master产品维护'!$A$2:$L992,11,FALSE),"No")) -> Yes | AA50: =IF(G50="","",IFERROR(VLOOKUP(G50,'Product_Stock_Master产品维护'!$A$2:$L992,12,FALSE),"")) -> Battery / 电池
A51: 2026-07-22 | C51: Opening | F51: Mix002 | G51: 97-223-00108-00 | H51: =IF(G51="","",IFERROR(VLOOKUP(G51,'Product_Stock_Master产品维护'!$A$2:$E992,2,FALSE()),"SKU not found")) -> EQ4800-M | I51: =IF(G51="","",IFERROR(VLOOKUP(G51,'Product_Stock_Master产品维护'!$A$2:$E992,3,FALSE()),"Item type not found")) -> Product | K51: 1 | M51: R2-2-5-L | O51: =IF(C51="","",IF(AND(G51="",NOT(AND(C51="Adjustment_In",P51="Material / 物料"))),"Missing SKU / 缺料号",IF(K51="","Missing Qty / 缺数量",IF(AND(I51="Product",OR(C51="Outbound",C51="Return_to_Repair"),J51=""),"Missing SN for product outbound/return / 成品出库或维修回退缺SN",IF(C51="Move",IF(OR(L51="",M51=""),"Missing Move location / 移库缺来源或目标库位","OK"),IF(OR(C51="Opening",C51="Inbound",C51="Return_to_Repair",C51="Adjustment_In"),IF(M51="","Missing To Location / 缺目标库位","OK"),IF(OR(C51="Outbound",C51="Adjustment_Out",C51="Prepared"),IF(L51="","Missing From Location / 缺来源库位","OK"),"OK"))))))) -> OK | P51: Repair_Good / 维修良品 | Q51: =IF(C51="","",IF(OR(C51="Opening",C51="Inbound",C51="Return_to_Repair",C51="Adjustment_In"),M51,IF(OR(C51="Outbound",C51="Move",C51="Adjustment_Out",C51="Prepared"),L51,""))) -> R2-2-5-L | R51: =IF(C51="","",IF(C51="Return_to_Repair",J51,"")) | S51: =IF(C51="","",IF(C51="Prepared",0,IF(OR(C51="Opening",C51="Inbound",C51="Return_to_Repair",C51="Adjustment_In"),K51,IF(OR(C51="Outbound",C51="Adjustment_Out",C51="Move"),-K51,0)))) -> 1 | T51: =IF(Q51="","",Q51&"|"&F51&"|"&G51&"|"&R51&"|"&P51) -> R2-2-5-L|Mix002|97-223-00108-00||Repair_Good / 维修良品 | U51: Formula helper / 公式辅助 | W51: =IF(A51="","",IF(AND(Z51="Yes",P51=""),"Missing stock condition / 缺库存属性",IF(AND(P51="New / 新机",C51="Return_to_Repair"),"New/repair conflict / 新机维修冲突","OK"))) -> OK | X51: =IF(OR(C51="",D51=""),0,IF(COUNTIFS($C$2:C51,C51,$D$2:D51,D51)=1,1,0)) -> 0 | Y51: =IF(AND(C51="Outbound",D51<>"",COUNTIFS($C$2:C51,"Outbound",$D$2:D51,D51)=1,COUNTIFS($C$2:$C1041,"Return_to_Repair",$D$2:$D1041,D51)=0),1,0) -> 0 | Z51: =IF(G51="","",IFERROR(VLOOKUP(G51,'Product_Stock_Master产品维护'!$A$2:$L992,11,FALSE),"No")) -> Yes | AA51: =IF(G51="","",IFERROR(VLOOKUP(G51,'Product_Stock_Master产品维护'!$A$2:$L992,12,FALSE),"")) -> Battery / 电池
A52: 2026-07-22 | C52: Opening | F52: Mix002 | G52: 97-223-00090-00 | H52: =IF(G52="","",IFERROR(VLOOKUP(G52,'Product_Stock_Master产品维护'!$A$2:$E992,2,FALSE()),"SKU not found")) -> EQ4800-M | I52: =IF(G52="","",IFERROR(VLOOKUP(G52,'Product_Stock_Master产品维护'!$A$2:$E992,3,FALSE()),"Item type not found")) -> Product | K52: 3 | M52: R2-2-5-L | O52: =IF(C52="","",IF(AND(G52="",NOT(AND(C52="Adjustment_In",P52="Material / 物料"))),"Missing SKU / 缺料号",IF(K52="","Missing Qty / 缺数量",IF(AND(I52="Product",OR(C52="Outbound",C52="Return_to_Repair"),J52=""),"Missing SN for product outbound/return / 成品出库或维修回退缺SN",IF(C52="Move",IF(OR(L52="",M52=""),"Missing Move location / 移库缺来源或目标库位","OK"),IF(OR(C52="Opening",C52="Inbound",C52="Return_to_Repair",C52="Adjustment_In"),IF(M52="","Missing To Location / 缺目标库位","OK"),IF(OR(C52="Outbound",C52="Adjustment_Out",C52="Prepared"),IF(L52="","Missing From Location / 缺来源库位","OK"),"OK"))))))) -> OK | P52: Repair_Good / 维修良品 | Q52: =IF(C52="","",IF(OR(C52="Opening",C52="Inbound",C52="Return_to_Repair",C52="Adjustment_In"),M52,IF(OR(C52="Outbound",C52="Move",C52="Adjustment_Out",C52="Prepared"),L52,""))) -> R2-2-5-L | R52: =IF(C52="","",IF(C52="Return_to_Repair",J52,"")) | S52: =IF(C52="","",IF(C52="Prepared",0,IF(OR(C52="Opening",C52="Inbound",C52="Return_to_Repair",C52="Adjustment_In"),K52,IF(OR(C52="Outbound",C52="Adjustment_Out",C52="Move"),-K52,0)))) -> 3 | T52: =IF(Q52="","",Q52&"|"&F52&"|"&G52&"|"&R52&"|"&P52) -> R2-2-5-L|Mix002|97-223-00090-00||Repair_Good / 维修良品 | U52: Formula helper / 公式辅助 | W52: =IF(A52="","",IF(AND(Z52="Yes",P52=""),"Missing stock condition / 缺库存属性",IF(AND(P52="New / 新机",C52="Return_to_Repair"),"New/repair conflict / 新机维修冲突","OK"))) -> OK | X52: =IF(OR(C52="",D52=""),0,IF(COUNTIFS($C$2:C52,C52,$D$2:D52,D52)=1,1,0)) -> 0 | Y52: =IF(AND(C52="Outbound",D52<>"",COUNTIFS($C$2:C52,"Outbound",$D$2:D52,D52)=1,COUNTIFS($C$2:$C1042,"Return_to_Repair",$D$2:$D1042,D52)=0),1,0) -> 0 | Z52: =IF(G52="","",IFERROR(VLOOKUP(G52,'Product_Stock_Master产品维护'!$A$2:$L992,11,FALSE),"No")) -> Yes | AA52: =IF(G52="","",IFERROR(VLOOKUP(G52,'Product_Stock_Master产品维护'!$A$2:$L992,12,FALSE),"")) -> Battery / 电池
A53: 2026-07-22 | C53: Opening | F53: Mix003 | G53: 97-229-00012-00 | H53: =IF(G53="","",IFERROR(VLOOKUP(G53,'Product_Stock_Master产品维护'!$A$2:$E992,2,FALSE()),"SKU not found")) -> CQ6-M | I53: =IF(G53="","",IFERROR(VLOOKUP(G53,'Product_Stock_Master产品维护'!$A$2:$E992,3,FALSE()),"Item type not found")) -> Product | K53: 5 | M53: R2-3-5-L | O53: =IF(C53="","",IF(AND(G53="",NOT(AND(C53="Adjustment_In",P53="Material / 物料"))),"Missing SKU / 缺料号",IF(K53="","Missing Qty / 缺数量",IF(AND(I53="Product",OR(C53="Outbound",C53="Return_to_Repair"),J53=""),"Missing SN for product outbound/return / 成品出库或维修回退缺SN",IF(C53="Move",IF(OR(L53="",M53=""),"Missing Move location / 移库缺来源或目标库位","OK"),IF(OR(C53="Opening",C53="Inbound",C53="Return_to_Repair",C53="Adjustment_In"),IF(M53="","Missing To Location / 缺目标库位","OK"),IF(OR(C53="Outbound",C53="Adjustment_Out",C53="Prepared"),IF(L53="","Missing From Location / 缺来源库位","OK"),"OK"))))))) -> OK | P53: Repair_Good / 维修良品 | Q53: =IF(C53="","",IF(OR(C53="Opening",C53="Inbound",C53="Return_to_Repair",C53="Adjustment_In"),M53,IF(OR(C53="Outbound",C53="Move",C53="Adjustment_Out",C53="Prepared"),L53,""))) -> R2-3-5-L | R53: =IF(C53="","",IF(C53="Return_to_Repair",J53,"")) | S53: =IF(C53="","",IF(C53="Prepared",0,IF(OR(C53="Opening",C53="Inbound",C53="Return_to_Repair",C53="Adjustment_In"),K53,IF(OR(C53="Outbound",C53="Adjustment_Out",C53="Move"),-K53,0)))) -> 5 | T53: =IF(Q53="","",Q53&"|"&F53&"|"&G53&"|"&R53&"|"&P53) -> R2-3-5-L|Mix003|97-229-00012-00||Repair_Good / 维修良品 | U53: Formula helper / 公式辅助 | W53: =IF(A53="","",IF(AND(Z53="Yes",P53=""),"Missing stock condition / 缺库存属性",IF(AND(P53="New / 新机",C53="Return_to_Repair"),"New/repair conflict / 新机维修冲突","OK"))) -> OK | X53: =IF(OR(C53="",D53=""),0,IF(COUNTIFS($C$2:C53,C53,$D$2:D53,D53)=1,1,0)) -> 0 | Y53: =IF(AND(C53="Outbound",D53<>"",COUNTIFS($C$2:C53,"Outbound",$D$2:D53,D53)=1,COUNTIFS($C$2:$C1043,"Return_to_Repair",$D$2:$D1043,D53)=0),1,0) -> 0 | Z53: =IF(G53="","",IFERROR(VLOOKUP(G53,'Product_Stock_Master产品维护'!$A$2:$L992,11,FALSE),"No")) -> Yes | AA53: =IF(G53="","",IFERROR(VLOOKUP(G53,'Product_Stock_Master产品维护'!$A$2:$L992,12,FALSE),"")) -> Battery / 电池
A54: 2026-07-22 | C54: Opening | F54: Mix003 | G54: 97-223-00085-00 | H54: =IF(G54="","",IFERROR(VLOOKUP(G54,'Product_Stock_Master产品维护'!$A$2:$E992,2,FALSE()),"SKU not found")) -> EQ4800-S | I54: =IF(G54="","",IFERROR(VLOOKUP(G54,'Product_Stock_Master产品维护'!$A$2:$E992,3,FALSE()),"Item type not found")) -> Product | K54: 1 | M54: R2-3-5-L | O54: =IF(C54="","",IF(AND(G54="",NOT(AND(C54="Adjustment_In",P54="Material / 物料"))),"Missing SKU / 缺料号",IF(K54="","Missing Qty / 缺数量",IF(AND(I54="Product",OR(C54="Outbound",C54="Return_to_Repair"),J54=""),"Missing SN for product outbound/return / 成品出库或维修回退缺SN",IF(C54="Move",IF(OR(L54="",M54=""),"Missing Move location / 移库缺来源或目标库位","OK"),IF(OR(C54="Opening",C54="Inbound",C54="Return_to_Repair",C54="Adjustment_In"),IF(M54="","Missing To Location / 缺目标库位","OK"),IF(OR(C54="Outbound",C54="Adjustment_Out",C54="Prepared"),IF(L54="","Missing From Location / 缺来源库位","OK"),"OK"))))))) -> OK | P54: Repair_Good / 维修良品 | Q54: =IF(C54="","",IF(OR(C54="Opening",C54="Inbound",C54="Return_to_Repair",C54="Adjustment_In"),M54,IF(OR(C54="Outbound",C54="Move",C54="Adjustment_Out",C54="Prepared"),L54,""))) -> R2-3-5-L | R54: =IF(C54="","",IF(C54="Return_to_Repair",J54,"")) | S54: =IF(C54="","",IF(C54="Prepared",0,IF(OR(C54="Opening",C54="Inbound",C54="Return_to_Repair",C54="Adjustment_In"),K54,IF(OR(C54="Outbound",C54="Adjustment_Out",C54="Move"),-K54,0)))) -> 1 | T54: =IF(Q54="","",Q54&"|"&F54&"|"&G54&"|"&R54&"|"&P54) -> R2-3-5-L|Mix003|97-223-00085-00||Repair_Good / 维修良品 | U54: Formula helper / 公式辅助 | W54: =IF(A54="","",IF(AND(Z54="Yes",P54=""),"Missing stock condition / 缺库存属性",IF(AND(P54="New / 新机",C54="Return_to_Repair"),"New/repair conflict / 新机维修冲突","OK"))) -> OK | X54: =IF(OR(C54="",D54=""),0,IF(COUNTIFS($C$2:C54,C54,$D$2:D54,D54)=1,1,0)) -> 0 | Y54: =IF(AND(C54="Outbound",D54<>"",COUNTIFS($C$2:C54,"Outbound",$D$2:D54,D54)=1,COUNTIFS($C$2:$C1044,"Return_to_Repair",$D$2:$D1044,D54)=0),1,0) -> 0 | Z54: =IF(G54="","",IFERROR(VLOOKUP(G54,'Product_Stock_Master产品维护'!$A$2:$L992,11,FALSE),"No")) -> Yes | AA54: =IF(G54="","",IFERROR(VLOOKUP(G54,'Product_Stock_Master产品维护'!$A$2:$L992,12,FALSE),"")) -> Battery / 电池
A55: 2026-07-22 | C55: Opening | F55: Mix004 | G55: 97-229-00018-00 | H55: =IF(G55="","",IFERROR(VLOOKUP(G55,'Product_Stock_Master产品维护'!$A$2:$E992,2,FALSE()),"SKU not found")) -> CQ6-S | I55: =IF(G55="","",IFERROR(VLOOKUP(G55,'Product_Stock_Master产品维护'!$A$2:$E992,3,FALSE()),"Item type not found")) -> Product | K55: 4 | M55: R2-3-5-R | O55: =IF(C55="","",IF(AND(G55="",NOT(AND(C55="Adjustment_In",P55="Material / 物料"))),"Missing SKU / 缺料号",IF(K55="","Missing Qty / 缺数量",IF(AND(I55="Product",OR(C55="Outbound",C55="Return_to_Repair"),J55=""),"Missing SN for product outbound/return / 成品出库或维修回退缺SN",IF(C55="Move",IF(OR(L55="",M55=""),"Missing Move location / 移库缺来源或目标库位","OK"),IF(OR(C55="Opening",C55="Inbound",C55="Return_to_Repair",C55="Adjustment_In"),IF(M55="","Missing To Location / 缺目标库位","OK"),IF(OR(C55="Outbound",C55="Adjustment_Out",C55="Prepared"),IF(L55="","Missing From Location / 缺来源库位","OK"),"OK"))))))) -> OK | P55: Repair_Good / 维修良品 | Q55: =IF(C55="","",IF(OR(C55="Opening",C55="Inbound",C55="Return_to_Repair",C55="Adjustment_In"),M55,IF(OR(C55="Outbound",C55="Move",C55="Adjustment_Out",C55="Prepared"),L55,""))) -> R2-3-5-R | R55: =IF(C55="","",IF(C55="Return_to_Repair",J55,"")) | S55: =IF(C55="","",IF(C55="Prepared",0,IF(OR(C55="Opening",C55="Inbound",C55="Return_to_Repair",C55="Adjustment_In"),K55,IF(OR(C55="Outbound",C55="Adjustment_Out",C55="Move"),-K55,0)))) -> 4 | T55: =IF(Q55="","",Q55&"|"&F55&"|"&G55&"|"&R55&"|"&P55) -> R2-3-5-R|Mix004|97-229-00018-00||Repair_Good / 维修良品 | U55: Formula helper / 公式辅助 | W55: =IF(A55="","",IF(AND(Z55="Yes",P55=""),"Missing stock condition / 缺库存属性",IF(AND(P55="New / 新机",C55="Return_to_Repair"),"New/repair conflict / 新机维修冲突","OK"))) -> OK | X55: =IF(OR(C55="",D55=""),0,IF(COUNTIFS($C$2:C55,C55,$D$2:D55,D55)=1,1,0)) -> 0 | Y55: =IF(AND(C55="Outbound",D55<>"",COUNTIFS($C$2:C55,"Outbound",$D$2:D55,D55)=1,COUNTIFS($C$2:$C1045,"Return_to_Repair",$D$2:$D1045,D55)=0),1,0) -> 0 | Z55: =IF(G55="","",IFERROR(VLOOKUP(G55,'Product_Stock_Master产品维护'!$A$2:$L992,11,FALSE),"No")) -> Yes | AA55: =IF(G55="","",IFERROR(VLOOKUP(G55,'Product_Stock_Master产品维护'!$A$2:$L992,12,FALSE),"")) -> Battery / 电池
A56: 2026-07-22 | C56: Opening | F56: Mix004 | G56: 97-229-00015-00 | H56: =IF(G56="","",IFERROR(VLOOKUP(G56,'Product_Stock_Master产品维护'!$A$2:$E992,2,FALSE()),"SKU not found")) -> CQ6-S | I56: =IF(G56="","",IFERROR(VLOOKUP(G56,'Product_Stock_Master产品维护'!$A$2:$E992,3,FALSE()),"Item type not found")) -> Product | K56: 1 | M56: R2-3-5-R | O56: =IF(C56="","",IF(AND(G56="",NOT(AND(C56="Adjustment_In",P56="Material / 物料"))),"Missing SKU / 缺料号",IF(K56="","Missing Qty / 缺数量",IF(AND(I56="Product",OR(C56="Outbound",C56="Return_to_Repair"),J56=""),"Missing SN for product outbound/return / 成品出库或维修回退缺SN",IF(C56="Move",IF(OR(L56="",M56=""),"Missing Move location / 移库缺来源或目标库位","OK"),IF(OR(C56="Opening",C56="Inbound",C56="Return_to_Repair",C56="Adjustment_In"),IF(M56="","Missing To Location / 缺目标库位","OK"),IF(OR(C56="Outbound",C56="Adjustment_Out",C56="Prepared"),IF(L56="","Missing From Location / 缺来源库位","OK"),"OK"))))))) -> OK | P56: Repair_Good / 维修良品 | Q56: =IF(C56="","",IF(OR(C56="Opening",C56="Inbound",C56="Return_to_Repair",C56="Adjustment_In"),M56,IF(OR(C56="Outbound",C56="Move",C56="Adjustment_Out",C56="Prepared"),L56,""))) -> R2-3-5-R | R56: =IF(C56="","",IF(C56="Return_to_Repair",J56,"")) | S56: =IF(C56="","",IF(C56="Prepared",0,IF(OR(C56="Opening",C56="Inbound",C56="Return_to_Repair",C56="Adjustment_In"),K56,IF(OR(C56="Outbound",C56="Adjustment_Out",C56="Move"),-K56,0)))) -> 1 | T56: =IF(Q56="","",Q56&"|"&F56&"|"&G56&"|"&R56&"|"&P56) -> R2-3-5-R|Mix004|97-229-00015-00||Repair_Good / 维修良品 | U56: Formula helper / 公式辅助 | W56: =IF(A56="","",IF(AND(Z56="Yes",P56=""),"Missing stock condition / 缺库存属性",IF(AND(P56="New / 新机",C56="Return_to_Repair"),"New/repair conflict / 新机维修冲突","OK"))) -> OK | X56: =IF(OR(C56="",D56=""),0,IF(COUNTIFS($C$2:C56,C56,$D$2:D56,D56)=1,1,0)) -> 0 | Y56: =IF(AND(C56="Outbound",D56<>"",COUNTIFS($C$2:C56,"Outbound",$D$2:D56,D56)=1,COUNTIFS($C$2:$C1046,"Return_to_Repair",$D$2:$D1046,D56)=0),1,0) -> 0 | Z56: =IF(G56="","",IFERROR(VLOOKUP(G56,'Product_Stock_Master产品维护'!$A$2:$L992,11,FALSE),"No")) -> Yes | AA56: =IF(G56="","",IFERROR(VLOOKUP(G56,'Product_Stock_Master产品维护'!$A$2:$L992,12,FALSE),"")) -> Battery / 电池
A57: 2026-07-22 | C57: Opening | F57: Mix004 | G57: 97-229-00003-00 | H57: =IF(G57="","",IFERROR(VLOOKUP(G57,'Product_Stock_Master产品维护'!$A$2:$E992,2,FALSE()),"SKU not found")) -> CQ6-S | I57: =IF(G57="","",IFERROR(VLOOKUP(G57,'Product_Stock_Master产品维护'!$A$2:$E992,3,FALSE()),"Item type not found")) -> Product | K57: 1 | M57: R2-3-5-R | O57: =IF(C57="","",IF(AND(G57="",NOT(AND(C57="Adjustment_In",P57="Material / 物料"))),"Missing SKU / 缺料号",IF(K57="","Missing Qty / 缺数量",IF(AND(I57="Product",OR(C57="Outbound",C57="Return_to_Repair"),J57=""),"Missing SN for product outbound/return / 成品出库或维修回退缺SN",IF(C57="Move",IF(OR(L57="",M57=""),"Missing Move location / 移库缺来源或目标库位","OK"),IF(OR(C57="Opening",C57="Inbound",C57="Return_to_Repair",C57="Adjustment_In"),IF(M57="","Missing To Location / 缺目标库位","OK"),IF(OR(C57="Outbound",C57="Adjustment_Out",C57="Prepared"),IF(L57="","Missing From Location / 缺来源库位","OK"),"OK"))))))) -> OK | P57: Repair_Good / 维修良品 | Q57: =IF(C57="","",IF(OR(C57="Opening",C57="Inbound",C57="Return_to_Repair",C57="Adjustment_In"),M57,IF(OR(C57="Outbound",C57="Move",C57="Adjustment_Out",C57="Prepared"),L57,""))) -> R2-3-5-R | R57: =IF(C57="","",IF(C57="Return_to_Repair",J57,"")) | S57: =IF(C57="","",IF(C57="Prepared",0,IF(OR(C57="Opening",C57="Inbound",C57="Return_to_Repair",C57="Adjustment_In"),K57,IF(OR(C57="Outbound",C57="Adjustment_Out",C57="Move"),-K57,0)))) -> 1 | T57: =IF(Q57="","",Q57&"|"&F57&"|"&G57&"|"&R57&"|"&P57) -> R2-3-5-R|Mix004|97-229-00003-00||Repair_Good / 维修良品 | U57: Formula helper / 公式辅助 | W57: =IF(A57="","",IF(AND(Z57="Yes",P57=""),"Missing stock condition / 缺库存属性",IF(AND(P57="New / 新机",C57="Return_to_Repair"),"New/repair conflict / 新机维修冲突","OK"))) -> OK | X57: =IF(OR(C57="",D57=""),0,IF(COUNTIFS($C$2:C57,C57,$D$2:D57,D57)=1,1,0)) -> 0 | Y57: =IF(AND(C57="Outbound",D57<>"",COUNTIFS($C$2:C57,"Outbound",$D$2:D57,D57)=1,COUNTIFS($C$2:$C1047,"Return_to_Repair",$D$2:$D1047,D57)=0),1,0) -> 0 | Z57: =IF(G57="","",IFERROR(VLOOKUP(G57,'Product_Stock_Master产品维护'!$A$2:$L992,11,FALSE),"No")) | AA57: =IF(G57="","",IFERROR(VLOOKUP(G57,'Product_Stock_Master产品维护'!$A$2:$L992,12,FALSE),""))
A58: 2026-07-22 | C58: Opening | F58: Mix005 | G58: 97-223-00105-00 | H58: =IF(G58="","",IFERROR(VLOOKUP(G58,'Product_Stock_Master产品维护'!$A$2:$E992,2,FALSE()),"SKU not found")) -> EQ4800-S | I58: =IF(G58="","",IFERROR(VLOOKUP(G58,'Product_Stock_Master产品维护'!$A$2:$E992,3,FALSE()),"Item type not found")) -> Product | K58: 15 | M58: R2-1-4-L | O58: =IF(C58="","",IF(AND(G58="",NOT(AND(C58="Adjustment_In",P58="Material / 物料"))),"Missing SKU / 缺料号",IF(K58="","Missing Qty / 缺数量",IF(AND(I58="Product",OR(C58="Outbound",C58="Return_to_Repair"),J58=""),"Missing SN for product outbound/return / 成品出库或维修回退缺SN",IF(C58="Move",IF(OR(L58="",M58=""),"Missing Move location / 移库缺来源或目标库位","OK"),IF(OR(C58="Opening",C58="Inbound",C58="Return_to_Repair",C58="Adjustment_In"),IF(M58="","Missing To Location / 缺目标库位","OK"),IF(OR(C58="Outbound",C58="Adjustment_Out",C58="Prepared"),IF(L58="","Missing From Location / 缺来源库位","OK"),"OK"))))))) -> OK | P58: Repair_Good / 维修良品 | Q58: =IF(C58="","",IF(OR(C58="Opening",C58="Inbound",C58="Return_to_Repair",C58="Adjustment_In"),M58,IF(OR(C58="Outbound",C58="Move",C58="Adjustment_Out",C58="Prepared"),L58,""))) -> R2-1-4-L | R58: =IF(C58="","",IF(C58="Return_to_Repair",J58,"")) | S58: =IF(C58="","",IF(C58="Prepared",0,IF(OR(C58="Opening",C58="Inbound",C58="Return_to_Repair",C58="Adjustment_In"),K58,IF(OR(C58="Outbound",C58="Adjustment_Out",C58="Move"),-K58,0)))) -> 15 | T58: =IF(Q58="","",Q58&"|"&F58&"|"&G58&"|"&R58&"|"&P58) -> R2-1-4-L|Mix005|97-223-00105-00||Repair_Good / 维修良品 | U58: Formula helper / 公式辅助 | W58: =IF(A58="","",IF(AND(Z58="Yes",P58=""),"Missing stock condition / 缺库存属性",IF(AND(P58="New / 新机",C58="Return_to_Repair"),"New/repair conflict / 新机维修冲突","OK"))) -> OK | X58: =IF(OR(C58="",D58=""),0,IF(COUNTIFS($C$2:C58,C58,$D$2:D58,D58)=1,1,0)) -> 0 | Y58: =IF(AND(C58="Outbound",D58<>"",COUNTIFS($C$2:C58,"Outbound",$D$2:D58,D58)=1,COUNTIFS($C$2:$C1048,"Return_to_Repair",$D$2:$D1048,D58)=0),1,0) -> 0 | Z58: =IF(G58="","",IFERROR(VLOOKUP(G58,'Product_Stock_Master产品维护'!$A$2:$L992,11,FALSE),"No")) -> Yes | AA58: =IF(G58="","",IFERROR(VLOOKUP(G58,'Product_Stock_Master产品维护'!$A$2:$L992,12,FALSE),"")) -> Battery / 电池
A59: 2026-07-22 | C59: Opening | F59: Mix005 | G59: 97-223-00085-00 | H59: =IF(G59="","",IFERROR(VLOOKUP(G59,'Product_Stock_Master产品维护'!$A$2:$E992,2,FALSE()),"SKU not found")) -> EQ4800-S | I59: =IF(G59="","",IFERROR(VLOOKUP(G59,'Product_Stock_Master产品维护'!$A$2:$E992,3,FALSE()),"Item type not found")) -> Product | K59: 1 | M59: R2-1-4-L | O59: =IF(C59="","",IF(AND(G59="",NOT(AND(C59="Adjustment_In",P59="Material / 物料"))),"Missing SKU / 缺料号",IF(K59="","Missing Qty / 缺数量",IF(AND(I59="Product",OR(C59="Outbound",C59="Return_to_Repair"),J59=""),"Missing SN for product outbound/return / 成品出库或维修回退缺SN",IF(C59="Move",IF(OR(L59="",M59=""),"Missing Move location / 移库缺来源或目标库位","OK"),IF(OR(C59="Opening",C59="Inbound",C59="Return_to_Repair",C59="Adjustment_In"),IF(M59="","Missing To Location / 缺目标库位","OK"),IF(OR(C59="Outbound",C59="Adjustment_Out",C59="Prepared"),IF(L59="","Missing From Location / 缺来源库位","OK"),"OK"))))))) -> OK | P59: Repair_Good / 维修良品 | Q59: =IF(C59="","",IF(OR(C59="Opening",C59="Inbound",C59="Return_to_Repair",C59="Adjustment_In"),M59,IF(OR(C59="Outbound",C59="Move",C59="Adjustment_Out",C59="Prepared"),L59,""))) -> R2-1-4-L | R59: =IF(C59="","",IF(C59="Return_to_Repair",J59,"")) | S59: =IF(C59="","",IF(C59="Prepared",0,IF(OR(C59="Opening",C59="Inbound",C59="Return_to_Repair",C59="Adjustment_In"),K59,IF(OR(C59="Outbound",C59="Adjustment_Out",C59="Move"),-K59,0)))) -> 1 | T59: =IF(Q59="","",Q59&"|"&F59&"|"&G59&"|"&R59&"|"&P59) -> R2-1-4-L|Mix005|97-223-00085-00||Repair_Good / 维修良品 | U59: Formula helper / 公式辅助 | W59: =IF(A59="","",IF(AND(Z59="Yes",P59=""),"Missing stock condition / 缺库存属性",IF(AND(P59="New / 新机",C59="Return_to_Repair"),"New/repair conflict / 新机维修冲突","OK"))) -> OK | X59: =IF(OR(C59="",D59=""),0,IF(COUNTIFS($C$2:C59,C59,$D$2:D59,D59)=1,1,0)) -> 0 | Y59: =IF(AND(C59="Outbound",D59<>"",COUNTIFS($C$2:C59,"Outbound",$D$2:D59,D59)=1,COUNTIFS($C$2:$C1049,"Return_to_Repair",$D$2:$D1049,D59)=0),1,0) -> 0 | Z59: =IF(G59="","",IFERROR(VLOOKUP(G59,'Product_Stock_Master产品维护'!$A$2:$L992,11,FALSE),"No")) -> Yes | AA59: =IF(G59="","",IFERROR(VLOOKUP(G59,'Product_Stock_Master产品维护'!$A$2:$L992,12,FALSE),"")) -> Battery / 电池
A60: 2026-07-22 | C60: Opening | G60: 97-223-00107-00 | H60: =IF(G60="","",IFERROR(VLOOKUP(G60,'Product_Stock_Master产品维护'!$A$2:$E992,2,FALSE()),"SKU not found")) -> EQ4800-S | I60: =IF(G60="","",IFERROR(VLOOKUP(G60,'Product_Stock_Master产品维护'!$A$2:$E992,3,FALSE()),"Item type not found")) -> Product | K60: 12 | M60: R2-2-5-R | O60: =IF(C60="","",IF(AND(G60="",NOT(AND(C60="Adjustment_In",P60="Material / 物料"))),"Missing SKU / 缺料号",IF(K60="","Missing Qty / 缺数量",IF(AND(I60="Product",OR(C60="Outbound",C60="Return_to_Repair"),J60=""),"Missing SN for product outbound/return / 成品出库或维修回退缺SN",IF(C60="Move",IF(OR(L60="",M60=""),"Missing Move location / 移库缺来源或目标库位","OK"),IF(OR(C60="Opening",C60="Inbound",C60="Return_to_Repair",C60="Adjustment_In"),IF(M60="","Missing To Location / 缺目标库位","OK"),IF(OR(C60="Outbound",C60="Adjustment_Out",C60="Prepared"),IF(L60="","Missing From Location / 缺来源库位","OK"),"OK"))))))) -> OK | P60: New / 新机 | Q60: =IF(C60="","",IF(OR(C60="Opening",C60="Inbound",C60="Return_to_Repair",C60="Adjustment_In"),M60,IF(OR(C60="Outbound",C60="Move",C60="Adjustment_Out",C60="Prepared"),L60,""))) -> R2-2-5-R | R60: =IF(C60="","",IF(C60="Return_to_Repair",J60,"")) | S60: =IF(C60="","",IF(C60="Prepared",0,IF(OR(C60="Opening",C60="Inbound",C60="Return_to_Repair",C60="Adjustment_In"),K60,IF(OR(C60="Outbound",C60="Adjustment_Out",C60="Move"),-K60,0)))) -> 12 | T60: =IF(Q60="","",Q60&"|"&F60&"|"&G60&"|"&R60&"|"&P60) -> R2-2-5-R||97-223-00107-00||New / 新机 | U60: Formula helper / 公式辅助 | W60: =IF(A60="","",IF(AND(Z60="Yes",P60=""),"Missing stock condition / 缺库存属性",IF(AND(P60="New / 新机",C60="Return_to_Repair"),"New/repair conflict / 新机维修冲突","OK"))) -> OK | X60: =IF(OR(C60="",D60=""),0,IF(COUNTIFS($C$2:C60,C60,$D$2:D60,D60)=1,1,0)) -> 0 | Y60: =IF(AND(C60="Outbound",D60<>"",COUNTIFS($C$2:C60,"Outbound",$D$2:D60,D60)=1,COUNTIFS($C$2:$C1050,"Return_to_Repair",$D$2:$D1050,D60)=0),1,0) -> 0 | Z60: =IF(G60="","",IFERROR(VLOOKUP(G60,'Product_Stock_Master产品维护'!$A$2:$L992,11,FALSE),"No")) -> Yes | AA60: =IF(G60="","",IFERROR(VLOOKUP(G60,'Product_Stock_Master产品维护'!$A$2:$L992,12,FALSE),"")) -> Battery / 电池
A61: 2026-07-23 | C61: Inbound | G61: 97-406-00017-00 | H61: =IF(G61="","",IFERROR(VLOOKUP(G61,'Product_Stock_Master产品维护'!$A$2:$E992,2,FALSE()),"SKU not found")) -> KH遮线罩 | I61: =IF(G61="","",IFERROR(VLOOKUP(G61,'Product_Stock_Master产品维护'!$A$2:$E992,3,FALSE()),"Item type not found")) -> Material | K61: 34 | M61: R2-4-5-L | O61: =IF(C61="","",IF(AND(G61="",NOT(AND(C61="Adjustment_In",P61="Material / 物料"))),"Missing SKU / 缺料号",IF(K61="","Missing Qty / 缺数量",IF(AND(I61="Product",OR(C61="Outbound",C61="Return_to_Repair"),J61=""),"Missing SN for product outbound/return / 成品出库或维修回退缺SN",IF(C61="Move",IF(OR(L61="",M61=""),"Missing Move location / 移库缺来源或目标库位","OK"),IF(OR(C61="Opening",C61="Inbound",C61="Return_to_Repair",C61="Adjustment_In"),IF(M61="","Missing To Location / 缺目标库位","OK"),IF(OR(C61="Outbound",C61="Adjustment_Out",C61="Prepared"),IF(L61="","Missing From Location / 缺来源库位","OK"),"OK"))))))) -> OK | P61: Material / 物料 | Q61: =IF(C61="","",IF(OR(C61="Opening",C61="Inbound",C61="Return_to_Repair",C61="Adjustment_In"),M61,IF(OR(C61="Outbound",C61="Move",C61="Adjustment_Out",C61="Prepared"),L61,""))) -> R2-4-5-L | R61: =IF(C61="","",IF(C61="Return_to_Repair",J61,"")) | S61: =IF(C61="","",IF(C61="Prepared",0,IF(OR(C61="Opening",C61="Inbound",C61="Return_to_Repair",C61="Adjustment_In"),K61,IF(OR(C61="Outbound",C61="Adjustment_Out",C61="Move"),-K61,0)))) -> 34 | T61: =IF(Q61="","",Q61&"|"&F61&"|"&G61&"|"&R61&"|"&P61) -> R2-4-5-L||97-406-00017-00||Material / 物料 | U61: Formula helper / 公式辅助 | W61: =IF(A61="","",IF(AND(Z61="Yes",P61=""),"Missing stock condition / 缺库存属性",IF(AND(P61="New / 新机",C61="Return_to_Repair"),"New/repair conflict / 新机维修冲突","OK"))) -> OK | X61: =IF(OR(C61="",D61=""),0,IF(COUNTIFS($C$2:C61,C61,$D$2:D61,D61)=1,1,0)) -> 0 | Y61: =IF(AND(C61="Outbound",D61<>"",COUNTIFS($C$2:C61,"Outbound",$D$2:D61,D61)=1,COUNTIFS($C$2:$C1051,"Return_to_Repair",$D$2:$D1051,D61)=0),1,0) -> 0 | Z61: =IF(G61="","",IFERROR(VLOOKUP(G61,'Product_Stock_Master产品维护'!$A$2:$L992,11,FALSE),"No")) -> No | AA61: =IF(G61="","",IFERROR(VLOOKUP(G61,'Product_Stock_Master产品维护'!$A$2:$L992,12,FALSE),""))
A62: 2026-07-23 | C62: Inbound | G62: 97-406-00017-00 | H62: =IF(G62="","",IFERROR(VLOOKUP(G62,'Product_Stock_Master产品维护'!$A$2:$E992,2,FALSE()),"SKU not found")) -> KH遮线罩 | I62: =IF(G62="","",IFERROR(VLOOKUP(G62,'Product_Stock_Master产品维护'!$A$2:$E992,3,FALSE()),"Item type not found")) -> Material | K62: 35 | M62: R2-4-5-R | O62: =IF(C62="","",IF(AND(G62="",NOT(AND(C62="Adjustment_In",P62="Material / 物料"))),"Missing SKU / 缺料号",IF(K62="","Missing Qty / 缺数量",IF(AND(I62="Product",OR(C62="Outbound",C62="Return_to_Repair"),J62=""),"Missing SN for product outbound/return / 成品出库或维修回退缺SN",IF(C62="Move",IF(OR(L62="",M62=""),"Missing Move location / 移库缺来源或目标库位","OK"),IF(OR(C62="Opening",C62="Inbound",C62="Return_to_Repair",C62="Adjustment_In"),IF(M62="","Missing To Location / 缺目标库位","OK"),IF(OR(C62="Outbound",C62="Adjustment_Out",C62="Prepared"),IF(L62="","Missing From Location / 缺来源库位","OK"),"OK"))))))) -> OK | P62: Material / 物料 | Q62: =IF(C62="","",IF(OR(C62="Opening",C62="Inbound",C62="Return_to_Repair",C62="Adjustment_In"),M62,IF(OR(C62="Outbound",C62="Move",C62="Adjustment_Out",C62="Prepared"),L62,""))) -> R2-4-5-R | R62: =IF(C62="","",IF(C62="Return_to_Repair",J62,"")) | S62: =IF(C62="","",IF(C62="Prepared",0,IF(OR(C62="Opening",C62="Inbound",C62="Return_to_Repair",C62="Adjustment_In"),K62,IF(OR(C62="Outbound",C62="Adjustment_Out",C62="Move"),-K62,0)))) -> 35 | T62: =IF(Q62="","",Q62&"|"&F62&"|"&G62&"|"&R62&"|"&P62) -> R2-4-5-R||97-406-00017-00||Material / 物料 | U62: Formula helper / 公式辅助 | W62: =IF(A62="","",IF(AND(Z62="Yes",P62=""),"Missing stock condition / 缺库存属性",IF(AND(P62="New / 新机",C62="Return_to_Repair"),"New/repair conflict / 新机维修冲突","OK"))) -> OK | X62: =IF(OR(C62="",D62=""),0,IF(COUNTIFS($C$2:C62,C62,$D$2:D62,D62)=1,1,0)) -> 0 | Y62: =IF(AND(C62="Outbound",D62<>"",COUNTIFS($C$2:C62,"Outbound",$D$2:D62,D62)=1,COUNTIFS($C$2:$C1052,"Return_to_Repair",$D$2:$D1052,D62)=0),1,0) -> 0 | Z62: =IF(G62="","",IFERROR(VLOOKUP(G62,'Product_Stock_Master产品维护'!$A$2:$L992,11,FALSE),"No")) -> No | AA62: =IF(G62="","",IFERROR(VLOOKUP(G62,'Product_Stock_Master产品维护'!$A$2:$L992,12,FALSE),""))
A63: 2026-07-23 | C63: Opening | G63: 97-223-00107-00 | H63: =IF(G63="","",IFERROR(VLOOKUP(G63,'Product_Stock_Master产品维护'!$A$2:$E992,2,FALSE()),"SKU not found")) -> EQ4800-S | I63: =IF(G63="","",IFERROR(VLOOKUP(G63,'Product_Stock_Master产品维护'!$A$2:$E992,3,FALSE()),"Item type not found")) -> Product | K63: 16 | M63: R2-4-4-R | O63: =IF(C63="","",IF(AND(G63="",NOT(AND(C63="Adjustment_In",P63="Material / 物料"))),"Missing SKU / 缺料号",IF(K63="","Missing Qty / 缺数量",IF(AND(I63="Product",OR(C63="Outbound",C63="Return_to_Repair"),J63=""),"Missing SN for product outbound/return / 成品出库或维修回退缺SN",IF(C63="Move",IF(OR(L63="",M63=""),"Missing Move location / 移库缺来源或目标库位","OK"),IF(OR(C63="Opening",C63="Inbound",C63="Return_to_Repair",C63="Adjustment_In"),IF(M63="","Missing To Location / 缺目标库位","OK"),IF(OR(C63="Outbound",C63="Adjustment_Out",C63="Prepared"),IF(L63="","Missing From Location / 缺来源库位","OK"),"OK"))))))) -> OK | P63: New / 新机 | Q63: =IF(C63="","",IF(OR(C63="Opening",C63="Inbound",C63="Return_to_Repair",C63="Adjustment_In"),M63,IF(OR(C63="Outbound",C63="Move",C63="Adjustment_Out",C63="Prepared"),L63,""))) -> R2-4-4-R | R63: =IF(C63="","",IF(C63="Return_to_Repair",J63,"")) | S63: =IF(C63="","",IF(C63="Prepared",0,IF(OR(C63="Opening",C63="Inbound",C63="Return_to_Repair",C63="Adjustment_In"),K63,IF(OR(C63="Outbound",C63="Adjustment_Out",C63="Move"),-K63,0)))) -> 16 | T63: =IF(Q63="","",Q63&"|"&F63&"|"&G63&"|"&R63&"|"&P63) -> R2-4-4-R||97-223-00107-00||New / 新机 | U63: Formula helper / 公式辅助 | W63: =IF(A63="","",IF(AND(Z63="Yes",P63=""),"Missing stock condition / 缺库存属性",IF(AND(P63="New / 新机",C63="Return_to_Repair"),"New/repair conflict / 新机维修冲突","OK"))) -> OK | X63: =IF(OR(C63="",D63=""),0,IF(COUNTIFS($C$2:C63,C63,$D$2:D63,D63)=1,1,0)) -> 0 | Y63: =IF(AND(C63="Outbound",D63<>"",COUNTIFS($C$2:C63,"Outbound",$D$2:D63,D63)=1,COUNTIFS($C$2:$C1053,"Return_to_Repair",$D$2:$D1053,D63)=0),1,0) -> 0 | Z63: =IF(G63="","",IFERROR(VLOOKUP(G63,'Product_Stock_Master产品维护'!$A$2:$L992,11,FALSE),"No")) -> Yes | AA63: =IF(G63="","",IFERROR(VLOOKUP(G63,'Product_Stock_Master产品维护'!$A$2:$L992,12,FALSE),"")) -> Battery / 电池
A64: 2026-07-23 | C64: Opening | G64: 97-223-00107-00 | H64: =IF(G64="","",IFERROR(VLOOKUP(G64,'Product_Stock_Master产品维护'!$A$2:$E992,2,FALSE()),"SKU not found")) -> EQ4800-S | I64: =IF(G64="","",IFERROR(VLOOKUP(G64,'Product_Stock_Master产品维护'!$A$2:$E992,3,FALSE()),"Item type not found")) -> Product | K64: 16 | M64: R2-4-4-L | O64: =IF(C64="","",IF(AND(G64="",NOT(AND(C64="Adjustment_In",P64="Material / 物料"))),"Missing SKU / 缺料号",IF(K64="","Missing Qty / 缺数量",IF(AND(I64="Product",OR(C64="Outbound",C64="Return_to_Repair"),J64=""),"Missing SN for product outbound/return / 成品出库或维修回退缺SN",IF(C64="Move",IF(OR(L64="",M64=""),"Missing Move location / 移库缺来源或目标库位","OK"),IF(OR(C64="Opening",C64="Inbound",C64="Return_to_Repair",C64="Adjustment_In"),IF(M64="","Missing To Location / 缺目标库位","OK"),IF(OR(C64="Outbound",C64="Adjustment_Out",C64="Prepared"),IF(L64="","Missing From Location / 缺来源库位","OK"),"OK"))))))) -> OK | P64: New / 新机 | Q64: =IF(C64="","",IF(OR(C64="Opening",C64="Inbound",C64="Return_to_Repair",C64="Adjustment_In"),M64,IF(OR(C64="Outbound",C64="Move",C64="Adjustment_Out",C64="Prepared"),L64,""))) -> R2-4-4-L | R64: =IF(C64="","",IF(C64="Return_to_Repair",J64,"")) | S64: =IF(C64="","",IF(C64="Prepared",0,IF(OR(C64="Opening",C64="Inbound",C64="Return_to_Repair",C64="Adjustment_In"),K64,IF(OR(C64="Outbound",C64="Adjustment_Out",C64="Move"),-K64,0)))) -> 16 | T64: =IF(Q64="","",Q64&"|"&F64&"|"&G64&"|"&R64&"|"&P64) -> R2-4-4-L||97-223-00107-00||New / 新机 | U64: Formula helper / 公式辅助 | W64: =IF(A64="","",IF(AND(Z64="Yes",P64=""),"Missing stock condition / 缺库存属性",IF(AND(P64="New / 新机",C64="Return_to_Repair"),"New/repair conflict / 新机维修冲突","OK"))) -> OK | X64: =IF(OR(C64="",D64=""),0,IF(COUNTIFS($C$2:C64,C64,$D$2:D64,D64)=1,1,0)) -> 0 | Y64: =IF(AND(C64="Outbound",D64<>"",COUNTIFS($C$2:C64,"Outbound",$D$2:D64,D64)=1,COUNTIFS($C$2:$C1054,"Return_to_Repair",$D$2:$D1054,D64)=0),1,0) -> 0 | Z64: =IF(G64="","",IFERROR(VLOOKUP(G64,'Product_Stock_Master产品维护'!$A$2:$L992,11,FALSE),"No")) -> Yes | AA64: =IF(G64="","",IFERROR(VLOOKUP(G64,'Product_Stock_Master产品维护'!$A$2:$L992,12,FALSE),"")) -> Battery / 电池
A65: 2026-07-23 | C65: Opening | G65: 97-229-00021-00 | H65: =IF(G65="","",IFERROR(VLOOKUP(G65,'Product_Stock_Master产品维护'!$A$2:$E992,2,FALSE()),"SKU not found")) -> CQ6-S | I65: =IF(G65="","",IFERROR(VLOOKUP(G65,'Product_Stock_Master产品维护'!$A$2:$E992,3,FALSE()),"Item type not found")) -> Product | K65: 6 | M65: R2-2-4-R | O65: =IF(C65="","",IF(AND(G65="",NOT(AND(C65="Adjustment_In",P65="Material / 物料"))),"Missing SKU / 缺料号",IF(K65="","Missing Qty / 缺数量",IF(AND(I65="Product",OR(C65="Outbound",C65="Return_to_Repair"),J65=""),"Missing SN for product outbound/return / 成品出库或维修回退缺SN",IF(C65="Move",IF(OR(L65="",M65=""),"Missing Move location / 移库缺来源或目标库位","OK"),IF(OR(C65="Opening",C65="Inbound",C65="Return_to_Repair",C65="Adjustment_In"),IF(M65="","Missing To Location / 缺目标库位","OK"),IF(OR(C65="Outbound",C65="Adjustment_Out",C65="Prepared"),IF(L65="","Missing From Location / 缺来源库位","OK"),"OK"))))))) -> OK | P65: New / 新机 | Q65: =IF(C65="","",IF(OR(C65="Opening",C65="Inbound",C65="Return_to_Repair",C65="Adjustment_In"),M65,IF(OR(C65="Outbound",C65="Move",C65="Adjustment_Out",C65="Prepared"),L65,""))) -> R2-2-4-R | R65: =IF(C65="","",IF(C65="Return_to_Repair",J65,"")) | S65: =IF(C65="","",IF(C65="Prepared",0,IF(OR(C65="Opening",C65="Inbound",C65="Return_to_Repair",C65="Adjustment_In"),K65,IF(OR(C65="Outbound",C65="Adjustment_Out",C65="Move"),-K65,0)))) -> 6 | T65: =IF(Q65="","",Q65&"|"&F65&"|"&G65&"|"&R65&"|"&P65) -> R2-2-4-R||97-229-00021-00||New / 新机 | U65: Formula helper / 公式辅助 | W65: =IF(A65="","",IF(AND(Z65="Yes",P65=""),"Missing stock condition / 缺库存属性",IF(AND(P65="New / 新机",C65="Return_to_Repair"),"New/repair conflict / 新机维修冲突","OK"))) -> OK | X65: =IF(OR(C65="",D65=""),0,IF(COUNTIFS($C$2:C65,C65,$D$2:D65,D65)=1,1,0)) -> 0 | Y65: =IF(AND(C65="Outbound",D65<>"",COUNTIFS($C$2:C65,"Outbound",$D$2:D65,D65)=1,COUNTIFS($C$2:$C1055,"Return_to_Repair",$D$2:$D1055,D65)=0),1,0) -> 0 | Z65: =IF(G65="","",IFERROR(VLOOKUP(G65,'Product_Stock_Master产品维护'!$A$2:$L992,11,FALSE),"No")) -> Yes | AA65: =IF(G65="","",IFERROR(VLOOKUP(G65,'Product_Stock_Master产品维护'!$A$2:$L992,12,FALSE),"")) -> Battery / 电池
A66: 2026-07-23 | C66: Opening | G66: 97-229-00021-00 | H66: =IF(G66="","",IFERROR(VLOOKUP(G66,'Product_Stock_Master产品维护'!$A$2:$E992,2,FALSE()),"SKU not found")) -> CQ6-S | I66: =IF(G66="","",IFERROR(VLOOKUP(G66,'Product_Stock_Master产品维护'!$A$2:$E992,3,FALSE()),"Item type not found")) -> Product | K66: 6 | M66: R2-2-4-L | O66: =IF(C66="","",IF(AND(G66="",NOT(AND(C66="Adjustment_In",P66="Material / 物料"))),"Missing SKU / 缺料号",IF(K66="","Missing Qty / 缺数量",IF(AND(I66="Product",OR(C66="Outbound",C66="Return_to_Repair"),J66=""),"Missing SN for product outbound/return / 成品出库或维修回退缺SN",IF(C66="Move",IF(OR(L66="",M66=""),"Missing Move location / 移库缺来源或目标库位","OK"),IF(OR(C66="Opening",C66="Inbound",C66="Return_to_Repair",C66="Adjustment_In"),IF(M66="","Missing To Location / 缺目标库位","OK"),IF(OR(C66="Outbound",C66="Adjustment_Out",C66="Prepared"),IF(L66="","Missing From Location / 缺来源库位","OK"),"OK"))))))) -> OK | P66: New / 新机 | Q66: =IF(C66="","",IF(OR(C66="Opening",C66="Inbound",C66="Return_to_Repair",C66="Adjustment_In"),M66,IF(OR(C66="Outbound",C66="Move",C66="Adjustment_Out",C66="Prepared"),L66,""))) -> R2-2-4-L | R66: =IF(C66="","",IF(C66="Return_to_Repair",J66,"")) | S66: =IF(C66="","",IF(C66="Prepared",0,IF(OR(C66="Opening",C66="Inbound",C66="Return_to_Repair",C66="Adjustment_In"),K66,IF(OR(C66="Outbound",C66="Adjustment_Out",C66="Move"),-K66,0)))) -> 6 | T66: =IF(Q66="","",Q66&"|"&F66&"|"&G66&"|"&R66&"|"&P66) -> R2-2-4-L||97-229-00021-00||New / 新机 | U66: Formula helper / 公式辅助 | W66: =IF(A66="","",IF(AND(Z66="Yes",P66=""),"Missing stock condition / 缺库存属性",IF(AND(P66="New / 新机",C66="Return_to_Repair"),"New/repair conflict / 新机维修冲突","OK"))) -> OK | X66: =IF(OR(C66="",D66=""),0,IF(COUNTIFS($C$2:C66,C66,$D$2:D66,D66)=1,1,0)) -> 0 | Y66: =IF(AND(C66="Outbound",D66<>"",COUNTIFS($C$2:C66,"Outbound",$D$2:D66,D66)=1,COUNTIFS($C$2:$C1056,"Return_to_Repair",$D$2:$D1056,D66)=0),1,0) -> 0 | Z66: =IF(G66="","",IFERROR(VLOOKUP(G66,'Product_Stock_Master产品维护'!$A$2:$L992,11,FALSE),"No")) -> Yes | AA66: =IF(G66="","",IFERROR(VLOOKUP(G66,'Product_Stock_Master产品维护'!$A$2:$L992,12,FALSE),"")) -> Battery / 电池
A67: 2026-07-23 | C67: Opening | G67: 97-229-00021-00 | H67: =IF(G67="","",IFERROR(VLOOKUP(G67,'Product_Stock_Master产品维护'!$A$2:$E992,2,FALSE()),"SKU not found")) -> CQ6-S | I67: =IF(G67="","",IFERROR(VLOOKUP(G67,'Product_Stock_Master产品维护'!$A$2:$E992,3,FALSE()),"Item type not found")) -> Product | K67: 6 | M67: R2-3-4-L | O67: =IF(C67="","",IF(AND(G67="",NOT(AND(C67="Adjustment_In",P67="Material / 物料"))),"Missing SKU / 缺料号",IF(K67="","Missing Qty / 缺数量",IF(AND(I67="Product",OR(C67="Outbound",C67="Return_to_Repair"),J67=""),"Missing SN for product outbound/return / 成品出库或维修回退缺SN",IF(C67="Move",IF(OR(L67="",M67=""),"Missing Move location / 移库缺来源或目标库位","OK"),IF(OR(C67="Opening",C67="Inbound",C67="Return_to_Repair",C67="Adjustment_In"),IF(M67="","Missing To Location / 缺目标库位","OK"),IF(OR(C67="Outbound",C67="Adjustment_Out",C67="Prepared"),IF(L67="","Missing From Location / 缺来源库位","OK"),"OK"))))))) -> OK | P67: New / 新机 | Q67: =IF(C67="","",IF(OR(C67="Opening",C67="Inbound",C67="Return_to_Repair",C67="Adjustment_In"),M67,IF(OR(C67="Outbound",C67="Move",C67="Adjustment_Out",C67="Prepared"),L67,""))) -> R2-3-4-L | R67: =IF(C67="","",IF(C67="Return_to_Repair",J67,"")) | S67: =IF(C67="","",IF(C67="Prepared",0,IF(OR(C67="Opening",C67="Inbound",C67="Return_to_Repair",C67="Adjustment_In"),K67,IF(OR(C67="Outbound",C67="Adjustment_Out",C67="Move"),-K67,0)))) -> 6 | T67: =IF(Q67="","",Q67&"|"&F67&"|"&G67&"|"&R67&"|"&P67) -> R2-3-4-L||97-229-00021-00||New / 新机 | U67: Formula helper / 公式辅助 | W67: =IF(A67="","",IF(AND(Z67="Yes",P67=""),"Missing stock condition / 缺库存属性",IF(AND(P67="New / 新机",C67="Return_to_Repair"),"New/repair conflict / 新机维修冲突","OK"))) -> OK | X67: =IF(OR(C67="",D67=""),0,IF(COUNTIFS($C$2:C67,C67,$D$2:D67,D67)=1,1,0)) -> 0 | Y67: =IF(AND(C67="Outbound",D67<>"",COUNTIFS($C$2:C67,"Outbound",$D$2:D67,D67)=1,COUNTIFS($C$2:$C1057,"Return_to_Repair",$D$2:$D1057,D67)=0),1,0) -> 0 | Z67: =IF(G67="","",IFERROR(VLOOKUP(G67,'Product_Stock_Master产品维护'!$A$2:$L992,11,FALSE),"No")) -> Yes | AA67: =IF(G67="","",IFERROR(VLOOKUP(G67,'Product_Stock_Master产品维护'!$A$2:$L992,12,FALSE),"")) -> Battery / 电池
A68: 2026-07-23 | C68: Opening | G68: 97-229-00021-00 | H68: =IF(G68="","",IFERROR(VLOOKUP(G68,'Product_Stock_Master产品维护'!$A$2:$E992,2,FALSE()),"SKU not found")) -> CQ6-S | I68: =IF(G68="","",IFERROR(VLOOKUP(G68,'Product_Stock_Master产品维护'!$A$2:$E992,3,FALSE()),"Item type not found")) -> Product | K68: 6 | M68: R2-3-4-R | O68: =IF(C68="","",IF(AND(G68="",NOT(AND(C68="Adjustment_In",P68="Material / 物料"))),"Missing SKU / 缺料号",IF(K68="","Missing Qty / 缺数量",IF(AND(I68="Product",OR(C68="Outbound",C68="Return_to_Repair"),J68=""),"Missing SN for product outbound/return / 成品出库或维修回退缺SN",IF(C68="Move",IF(OR(L68="",M68=""),"Missing Move location / 移库缺来源或目标库位","OK"),IF(OR(C68="Opening",C68="Inbound",C68="Return_to_Repair",C68="Adjustment_In"),IF(M68="","Missing To Location / 缺目标库位","OK"),IF(OR(C68="Outbound",C68="Adjustment_Out",C68="Prepared"),IF(L68="","Missing From Location / 缺来源库位","OK"),"OK"))))))) -> OK | P68: New / 新机 | Q68: =IF(C68="","",IF(OR(C68="Opening",C68="Inbound",C68="Return_to_Repair",C68="Adjustment_In"),M68,IF(OR(C68="Outbound",C68="Move",C68="Adjustment_Out",C68="Prepared"),L68,""))) -> R2-3-4-R | R68: =IF(C68="","",IF(C68="Return_to_Repair",J68,"")) | S68: =IF(C68="","",IF(C68="Prepared",0,IF(OR(C68="Opening",C68="Inbound",C68="Return_to_Repair",C68="Adjustment_In"),K68,IF(OR(C68="Outbound",C68="Adjustment_Out",C68="Move"),-K68,0)))) -> 6 | T68: =IF(Q68="","",Q68&"|"&F68&"|"&G68&"|"&R68&"|"&P68) -> R2-3-4-R||97-229-00021-00||New / 新机 | U68: Formula helper / 公式辅助 | W68: =IF(A68="","",IF(AND(Z68="Yes",P68=""),"Missing stock condition / 缺库存属性",IF(AND(P68="New / 新机",C68="Return_to_Repair"),"New/repair conflict / 新机维修冲突","OK"))) -> OK | X68: =IF(OR(C68="",D68=""),0,IF(COUNTIFS($C$2:C68,C68,$D$2:D68,D68)=1,1,0)) -> 0 | Y68: =IF(AND(C68="Outbound",D68<>"",COUNTIFS($C$2:C68,"Outbound",$D$2:D68,D68)=1,COUNTIFS($C$2:$C1058,"Return_to_Repair",$D$2:$D1058,D68)=0),1,0) -> 0 | Z68: =IF(G68="","",IFERROR(VLOOKUP(G68,'Product_Stock_Master产品维护'!$A$2:$L992,11,FALSE),"No")) -> Yes | AA68: =IF(G68="","",IFERROR(VLOOKUP(G68,'Product_Stock_Master产品维护'!$A$2:$L992,12,FALSE),"")) -> Battery / 电池
A69: 2026-07-23 | C69: Opening | G69: 坏机 | H69: =IF(G69="","",IFERROR(VLOOKUP(G69,'Product_Stock_Master产品维护'!$A$2:$E992,2,FALSE()),"SKU not found")) -> SKU not found | I69: =IF(G69="","",IFERROR(VLOOKUP(G69,'Product_Stock_Master产品维护'!$A$2:$E992,3,FALSE()),"Item type not found")) -> Item type not found | K69: 10 | M69: R2-1-3-R | O69: =IF(C69="","",IF(AND(G69="",NOT(AND(C69="Adjustment_In",P69="Material / 物料"))),"Missing SKU / 缺料号",IF(K69="","Missing Qty / 缺数量",IF(AND(I69="Product",OR(C69="Outbound",C69="Return_to_Repair"),J69=""),"Missing SN for product outbound/return / 成品出库或维修回退缺SN",IF(C69="Move",IF(OR(L69="",M69=""),"Missing Move location / 移库缺来源或目标库位","OK"),IF(OR(C69="Opening",C69="Inbound",C69="Return_to_Repair",C69="Adjustment_In"),IF(M69="","Missing To Location / 缺目标库位","OK"),IF(OR(C69="Outbound",C69="Adjustment_Out",C69="Prepared"),IF(L69="","Missing From Location / 缺来源库位","OK"),"OK"))))))) -> OK | P69: Repair / 待修 | Q69: =IF(C69="","",IF(OR(C69="Opening",C69="Inbound",C69="Return_to_Repair",C69="Adjustment_In"),M69,IF(OR(C69="Outbound",C69="Move",C69="Adjustment_Out",C69="Prepared"),L69,""))) -> R2-1-3-R | R69: =IF(C69="","",IF(C69="Return_to_Repair",J69,"")) | S69: =IF(C69="","",IF(C69="Prepared",0,IF(OR(C69="Opening",C69="Inbound",C69="Return_to_Repair",C69="Adjustment_In"),K69,IF(OR(C69="Outbound",C69="Adjustment_Out",C69="Move"),-K69,0)))) -> 10 | T69: =IF(Q69="","",Q69&"|"&F69&"|"&G69&"|"&R69&"|"&P69) -> R2-1-3-R||坏机||Repair / 待修 | U69: Formula helper / 公式辅助 | W69: =IF(A69="","",IF(AND(Z69="Yes",P69=""),"Missing stock condition / 缺库存属性",IF(AND(P69="New / 新机",C69="Return_to_Repair"),"New/repair conflict / 新机维修冲突","OK"))) -> OK | X69: =IF(OR(C69="",D69=""),0,IF(COUNTIFS($C$2:C69,C69,$D$2:D69,D69)=1,1,0)) -> 0 | Y69: =IF(AND(C69="Outbound",D69<>"",COUNTIFS($C$2:C69,"Outbound",$D$2:D69,D69)=1,COUNTIFS($C$2:$C1059,"Return_to_Repair",$D$2:$D1059,D69)=0),1,0) -> 0 | Z69: =IF(G69="","",IFERROR(VLOOKUP(G69,'Product_Stock_Master产品维护'!$A$2:$L992,11,FALSE),"No")) -> No | AA69: =IF(G69="","",IFERROR(VLOOKUP(G69,'Product_Stock_Master产品维护'!$A$2:$L992,12,FALSE),""))
A70: 2026-07-23 | C70: Opening | G70: 坏机 | H70: =IF(G70="","",IFERROR(VLOOKUP(G70,'Product_Stock_Master产品维护'!$A$2:$E992,2,FALSE()),"SKU not found")) -> SKU not found | I70: =IF(G70="","",IFERROR(VLOOKUP(G70,'Product_Stock_Master产品维护'!$A$2:$E992,3,FALSE()),"Item type not found")) -> Item type not found | K70: 7 | M70: R2-4-3-R | O70: =IF(C70="","",IF(AND(G70="",NOT(AND(C70="Adjustment_In",P70="Material / 物料"))),"Missing SKU / 缺料号",IF(K70="","Missing Qty / 缺数量",IF(AND(I70="Product",OR(C70="Outbound",C70="Return_to_Repair"),J70=""),"Missing SN for product outbound/return / 成品出库或维修回退缺SN",IF(C70="Move",IF(OR(L70="",M70=""),"Missing Move location / 移库缺来源或目标库位","OK"),IF(OR(C70="Opening",C70="Inbound",C70="Return_to_Repair",C70="Adjustment_In"),IF(M70="","Missing To Location / 缺目标库位","OK"),IF(OR(C70="Outbound",C70="Adjustment_Out",C70="Prepared"),IF(L70="","Missing From Location / 缺来源库位","OK"),"OK"))))))) -> OK | P70: Repair / 待修 | Q70: =IF(C70="","",IF(OR(C70="Opening",C70="Inbound",C70="Return_to_Repair",C70="Adjustment_In"),M70,IF(OR(C70="Outbound",C70="Move",C70="Adjustment_Out",C70="Prepared"),L70,""))) -> R2-4-3-R | R70: =IF(C70="","",IF(C70="Return_to_Repair",J70,"")) | S70: =IF(C70="","",IF(C70="Prepared",0,IF(OR(C70="Opening",C70="Inbound",C70="Return_to_Repair",C70="Adjustment_In"),K70,IF(OR(C70="Outbound",C70="Adjustment_Out",C70="Move"),-K70,0)))) -> 7 | T70: =IF(Q70="","",Q70&"|"&F70&"|"&G70&"|"&R70&"|"&P70) -> R2-4-3-R||坏机||Repair / 待修 | U70: Formula helper / 公式辅助 | W70: =IF(A70="","",IF(AND(Z70="Yes",P70=""),"Missing stock condition / 缺库存属性",IF(AND(P70="New / 新机",C70="Return_to_Repair"),"New/repair conflict / 新机维修冲突","OK"))) -> OK | X70: =IF(OR(C70="",D70=""),0,IF(COUNTIFS($C$2:C70,C70,$D$2:D70,D70)=1,1,0)) -> 0 | Y70: =IF(AND(C70="Outbound",D70<>"",COUNTIFS($C$2:C70,"Outbound",$D$2:D70,D70)=1,COUNTIFS($C$2:$C1060,"Return_to_Repair",$D$2:$D1060,D70)=0),1,0) -> 0 | Z70: =IF(G70="","",IFERROR(VLOOKUP(G70,'Product_Stock_Master产品维护'!$A$2:$L992,11,FALSE),"No")) -> No | AA70: =IF(G70="","",IFERROR(VLOOKUP(G70,'Product_Stock_Master产品维护'!$A$2:$L992,12,FALSE),""))
A71: 2026-07-23 | C71: Opening | G71: 坏机 | H71: =IF(G71="","",IFERROR(VLOOKUP(G71,'Product_Stock_Master产品维护'!$A$2:$E992,2,FALSE()),"SKU not found")) -> SKU not found | I71: =IF(G71="","",IFERROR(VLOOKUP(G71,'Product_Stock_Master产品维护'!$A$2:$E992,3,FALSE()),"Item type not found")) -> Item type not found | K71: 8 | M71: R2-4-3-L | O71: =IF(C71="","",IF(AND(G71="",NOT(AND(C71="Adjustment_In",P71="Material / 物料"))),"Missing SKU / 缺料号",IF(K71="","Missing Qty / 缺数量",IF(AND(I71="Product",OR(C71="Outbound",C71="Return_to_Repair"),J71=""),"Missing SN for product outbound/return / 成品出库或维修回退缺SN",IF(C71="Move",IF(OR(L71="",M71=""),"Missing Move location / 移库缺来源或目标库位","OK"),IF(OR(C71="Opening",C71="Inbound",C71="Return_to_Repair",C71="Adjustment_In"),IF(M71="","Missing To Location / 缺目标库位","OK"),IF(OR(C71="Outbound",C71="Adjustment_Out",C71="Prepared"),IF(L71="","Missing From Location / 缺来源库位","OK"),"OK"))))))) -> OK | P71: Repair / 待修 | Q71: =IF(C71="","",IF(OR(C71="Opening",C71="Inbound",C71="Return_to_Repair",C71="Adjustment_In"),M71,IF(OR(C71="Outbound",C71="Move",C71="Adjustment_Out",C71="Prepared"),L71,""))) -> R2-4-3-L | R71: =IF(C71="","",IF(C71="Return_to_Repair",J71,"")) | S71: =IF(C71="","",IF(C71="Prepared",0,IF(OR(C71="Opening",C71="Inbound",C71="Return_to_Repair",C71="Adjustment_In"),K71,IF(OR(C71="Outbound",C71="Adjustment_Out",C71="Move"),-K71,0)))) -> 8 | T71: =IF(Q71="","",Q71&"|"&F71&"|"&G71&"|"&R71&"|"&P71) -> R2-4-3-L||坏机||Repair / 待修 | U71: Formula helper / 公式辅助 | W71: =IF(A71="","",IF(AND(Z71="Yes",P71=""),"Missing stock condition / 缺库存属性",IF(AND(P71="New / 新机",C71="Return_to_Repair"),"New/repair conflict / 新机维修冲突","OK"))) -> OK | X71: =IF(OR(C71="",D71=""),0,IF(COUNTIFS($C$2:C71,C71,$D$2:D71,D71)=1,1,0)) -> 0 | Y71: =IF(AND(C71="Outbound",D71<>"",COUNTIFS($C$2:C71,"Outbound",$D$2:D71,D71)=1,COUNTIFS($C$2:$C1061,"Return_to_Repair",$D$2:$D1061,D71)=0),1,0) -> 0 | Z71: =IF(G71="","",IFERROR(VLOOKUP(G71,'Product_Stock_Master产品维护'!$A$2:$L992,11,FALSE),"No")) -> No | AA71: =IF(G71="","",IFERROR(VLOOKUP(G71,'Product_Stock_Master产品维护'!$A$2:$L992,12,FALSE),""))
A72: 2026-07-23 | C72: Opening | G72: 坏机 | H72: =IF(G72="","",IFERROR(VLOOKUP(G72,'Product_Stock_Master产品维护'!$A$2:$E992,2,FALSE()),"SKU not found")) -> SKU not found | I72: =IF(G72="","",IFERROR(VLOOKUP(G72,'Product_Stock_Master产品维护'!$A$2:$E992,3,FALSE()),"Item type not found")) -> Item type not found | K72: 6 | M72: R2-3-3-R | O72: =IF(C72="","",IF(AND(G72="",NOT(AND(C72="Adjustment_In",P72="Material / 物料"))),"Missing SKU / 缺料号",IF(K72="","Missing Qty / 缺数量",IF(AND(I72="Product",OR(C72="Outbound",C72="Return_to_Repair"),J72=""),"Missing SN for product outbound/return / 成品出库或维修回退缺SN",IF(C72="Move",IF(OR(L72="",M72=""),"Missing Move location / 移库缺来源或目标库位","OK"),IF(OR(C72="Opening",C72="Inbound",C72="Return_to_Repair",C72="Adjustment_In"),IF(M72="","Missing To Location / 缺目标库位","OK"),IF(OR(C72="Outbound",C72="Adjustment_Out",C72="Prepared"),IF(L72="","Missing From Location / 缺来源库位","OK"),"OK"))))))) -> OK | P72: Repair / 待修 | Q72: =IF(C72="","",IF(OR(C72="Opening",C72="Inbound",C72="Return_to_Repair",C72="Adjustment_In"),M72,IF(OR(C72="Outbound",C72="Move",C72="Adjustment_Out",C72="Prepared"),L72,""))) -> R2-3-3-R | R72: =IF(C72="","",IF(C72="Return_to_Repair",J72,"")) | S72: =IF(C72="","",IF(C72="Prepared",0,IF(OR(C72="Opening",C72="Inbound",C72="Return_to_Repair",C72="Adjustment_In"),K72,IF(OR(C72="Outbound",C72="Adjustment_Out",C72="Move"),-K72,0)))) -> 6 | T72: =IF(Q72="","",Q72&"|"&F72&"|"&G72&"|"&R72&"|"&P72) -> R2-3-3-R||坏机||Repair / 待修 | U72: Formula helper / 公式辅助 | W72: =IF(A72="","",IF(AND(Z72="Yes",P72=""),"Missing stock condition / 缺库存属性",IF(AND(P72="New / 新机",C72="Return_to_Repair"),"New/repair conflict / 新机维修冲突","OK"))) -> OK | X72: =IF(OR(C72="",D72=""),0,IF(COUNTIFS($C$2:C72,C72,$D$2:D72,D72)=1,1,0)) -> 0 | Y72: =IF(AND(C72="Outbound",D72<>"",COUNTIFS($C$2:C72,"Outbound",$D$2:D72,D72)=1,COUNTIFS($C$2:$C1062,"Return_to_Repair",$D$2:$D1062,D72)=0),1,0) -> 0 | Z72: =IF(G72="","",IFERROR(VLOOKUP(G72,'Product_Stock_Master产品维护'!$A$2:$L992,11,FALSE),"No")) -> No | AA72: =IF(G72="","",IFERROR(VLOOKUP(G72,'Product_Stock_Master产品维护'!$A$2:$L992,12,FALSE),""))
A73: 2026-07-23 | C73: Opening | G73: 坏机 | H73: =IF(G73="","",IFERROR(VLOOKUP(G73,'Product_Stock_Master产品维护'!$A$2:$E992,2,FALSE()),"SKU not found")) -> SKU not found | I73: =IF(G73="","",IFERROR(VLOOKUP(G73,'Product_Stock_Master产品维护'!$A$2:$E992,3,FALSE()),"Item type not found")) -> Item type not found | K73: 3 | M73: R2-1-3-L | O73: =IF(C73="","",IF(AND(G73="",NOT(AND(C73="Adjustment_In",P73="Material / 物料"))),"Missing SKU / 缺料号",IF(K73="","Missing Qty / 缺数量",IF(AND(I73="Product",OR(C73="Outbound",C73="Return_to_Repair"),J73=""),"Missing SN for product outbound/return / 成品出库或维修回退缺SN",IF(C73="Move",IF(OR(L73="",M73=""),"Missing Move location / 移库缺来源或目标库位","OK"),IF(OR(C73="Opening",C73="Inbound",C73="Return_to_Repair",C73="Adjustment_In"),IF(M73="","Missing To Location / 缺目标库位","OK"),IF(OR(C73="Outbound",C73="Adjustment_Out",C73="Prepared"),IF(L73="","Missing From Location / 缺来源库位","OK"),"OK"))))))) -> OK | P73: Repair / 待修 | Q73: =IF(C73="","",IF(OR(C73="Opening",C73="Inbound",C73="Return_to_Repair",C73="Adjustment_In"),M73,IF(OR(C73="Outbound",C73="Move",C73="Adjustment_Out",C73="Prepared"),L73,""))) -> R2-1-3-L | R73: =IF(C73="","",IF(C73="Return_to_Repair",J73,"")) | S73: =IF(C73="","",IF(C73="Prepared",0,IF(OR(C73="Opening",C73="Inbound",C73="Return_to_Repair",C73="Adjustment_In"),K73,IF(OR(C73="Outbound",C73="Adjustment_Out",C73="Move"),-K73,0)))) -> 3 | T73: =IF(Q73="","",Q73&"|"&F73&"|"&G73&"|"&R73&"|"&P73) -> R2-1-3-L||坏机||Repair / 待修 | U73: Formula helper / 公式辅助 | W73: =IF(A73="","",IF(AND(Z73="Yes",P73=""),"Missing stock condition / 缺库存属性",IF(AND(P73="New / 新机",C73="Return_to_Repair"),"New/repair conflict / 新机维修冲突","OK"))) -> OK | X73: =IF(OR(C73="",D73=""),0,IF(COUNTIFS($C$2:C73,C73,$D$2:D73,D73)=1,1,0)) -> 0 | Y73: =IF(AND(C73="Outbound",D73<>"",COUNTIFS($C$2:C73,"Outbound",$D$2:D73,D73)=1,COUNTIFS($C$2:$C1063,"Return_to_Repair",$D$2:$D1063,D73)=0),1,0) -> 0 | Z73: =IF(G73="","",IFERROR(VLOOKUP(G73,'Product_Stock_Master产品维护'!$A$2:$L992,11,FALSE),"No")) -> No | AA73: =IF(G73="","",IFERROR(VLOOKUP(G73,'Product_Stock_Master产品维护'!$A$2:$L992,12,FALSE),""))
A74: 2026-07-23 | C74: Opening | G74: 坏机 | H74: =IF(G74="","",IFERROR(VLOOKUP(G74,'Product_Stock_Master产品维护'!$A$2:$E992,2,FALSE()),"SKU not found")) -> SKU not found | I74: =IF(G74="","",IFERROR(VLOOKUP(G74,'Product_Stock_Master产品维护'!$A$2:$E992,3,FALSE()),"Item type not found")) -> Item type not found | K74: 5 | M74: R2-2-3-R | O74: =IF(C74="","",IF(AND(G74="",NOT(AND(C74="Adjustment_In",P74="Material / 物料"))),"Missing SKU / 缺料号",IF(K74="","Missing Qty / 缺数量",IF(AND(I74="Product",OR(C74="Outbound",C74="Return_to_Repair"),J74=""),"Missing SN for product outbound/return / 成品出库或维修回退缺SN",IF(C74="Move",IF(OR(L74="",M74=""),"Missing Move location / 移库缺来源或目标库位","OK"),IF(OR(C74="Opening",C74="Inbound",C74="Return_to_Repair",C74="Adjustment_In"),IF(M74="","Missing To Location / 缺目标库位","OK"),IF(OR(C74="Outbound",C74="Adjustment_Out",C74="Prepared"),IF(L74="","Missing From Location / 缺来源库位","OK"),"OK"))))))) -> OK | P74: Repair / 待修 | Q74: =IF(C74="","",IF(OR(C74="Opening",C74="Inbound",C74="Return_to_Repair",C74="Adjustment_In"),M74,IF(OR(C74="Outbound",C74="Move",C74="Adjustment_Out",C74="Prepared"),L74,""))) -> R2-2-3-R | R74: =IF(C74="","",IF(C74="Return_to_Repair",J74,"")) | S74: =IF(C74="","",IF(C74="Prepared",0,IF(OR(C74="Opening",C74="Inbound",C74="Return_to_Repair",C74="Adjustment_In"),K74,IF(OR(C74="Outbound",C74="Adjustment_Out",C74="Move"),-K74,0)))) -> 5 | T74: =IF(Q74="","",Q74&"|"&F74&"|"&G74&"|"&R74&"|"&P74) -> R2-2-3-R||坏机||Repair / 待修 | U74: Formula helper / 公式辅助 | W74: =IF(A74="","",IF(AND(Z74="Yes",P74=""),"Missing stock condition / 缺库存属性",IF(AND(P74="New / 新机",C74="Return_to_Repair"),"New/repair conflict / 新机维修冲突","OK"))) -> OK | X74: =IF(OR(C74="",D74=""),0,IF(COUNTIFS($C$2:C74,C74,$D$2:D74,D74)=1,1,0)) -> 0 | Y74: =IF(AND(C74="Outbound",D74<>"",COUNTIFS($C$2:C74,"Outbound",$D$2:D74,D74)=1,COUNTIFS($C$2:$C1064,"Return_to_Repair",$D$2:$D1064,D74)=0),1,0) -> 0 | Z74: =IF(G74="","",IFERROR(VLOOKUP(G74,'Product_Stock_Master产品维护'!$A$2:$L992,11,FALSE),"No")) -> No | AA74: =IF(G74="","",IFERROR(VLOOKUP(G74,'Product_Stock_Master产品维护'!$A$2:$L992,12,FALSE),""))
A75: 2026-07-23 | C75: Opening | F75: Mix06 | G75: 98-051-00105-00 | H75: =IF(G75="","",IFERROR(VLOOKUP(G75,'Product_Stock_Master产品维护'!$A$2:$E992,2,FALSE()),"SKU not found")) -> 线束半成品 功率线 62930 IEC 131 1×25.0 mm² 红色 DC1500V 90℃ VW-1 CQ6-安费诺-正极外部动力线-光伏线5米甩空 | I75: =IF(G75="","",IFERROR(VLOOKUP(G75,'Product_Stock_Master产品维护'!$A$2:$E992,3,FALSE()),"Item type not found")) -> Material | K75: 72 | M75: R1-2-5-L | O75: =IF(C75="","",IF(AND(G75="",NOT(AND(C75="Adjustment_In",P75="Material / 物料"))),"Missing SKU / 缺料号",IF(K75="","Missing Qty / 缺数量",IF(AND(I75="Product",OR(C75="Outbound",C75="Return_to_Repair"),J75=""),"Missing SN for product outbound/return / 成品出库或维修回退缺SN",IF(C75="Move",IF(OR(L75="",M75=""),"Missing Move location / 移库缺来源或目标库位","OK"),IF(OR(C75="Opening",C75="Inbound",C75="Return_to_Repair",C75="Adjustment_In"),IF(M75="","Missing To Location / 缺目标库位","OK"),IF(OR(C75="Outbound",C75="Adjustment_Out",C75="Prepared"),IF(L75="","Missing From Location / 缺来源库位","OK"),"OK"))))))) -> OK | P75: Material / 物料 | Q75: =IF(C75="","",IF(OR(C75="Opening",C75="Inbound",C75="Return_to_Repair",C75="Adjustment_In"),M75,IF(OR(C75="Outbound",C75="Move",C75="Adjustment_Out",C75="Prepared"),L75,""))) -> R1-2-5-L | R75: =IF(C75="","",IF(C75="Return_to_Repair",J75,"")) | S75: =IF(C75="","",IF(C75="Prepared",0,IF(OR(C75="Opening",C75="Inbound",C75="Return_to_Repair",C75="Adjustment_In"),K75,IF(OR(C75="Outbound",C75="Adjustment_Out",C75="Move"),-K75,0)))) -> 72 | T75: =IF(Q75="","",Q75&"|"&F75&"|"&G75&"|"&R75&"|"&P75) -> R1-2-5-L|Mix06|98-051-00105-00||Material / 物料 | U75: Formula helper / 公式辅助 | W75: =IF(A75="","",IF(AND(Z75="Yes",P75=""),"Missing stock condition / 缺库存属性",IF(AND(P75="New / 新机",C75="Return_to_Repair"),"New/repair conflict / 新机维修冲突","OK"))) -> OK | X75: =IF(OR(C75="",D75=""),0,IF(COUNTIFS($C$2:C75,C75,$D$2:D75,D75)=1,1,0)) -> 0 | Y75: =IF(AND(C75="Outbound",D75<>"",COUNTIFS($C$2:C75,"Outbound",$D$2:D75,D75)=1,COUNTIFS($C$2:$C1065,"Return_to_Repair",$D$2:$D1065,D75)=0),1,0) -> 0 | Z75: =IF(G75="","",IFERROR(VLOOKUP(G75,'Product_Stock_Master产品维护'!$A$2:$L992,11,FALSE),"No")) -> No | AA75: =IF(G75="","",IFERROR(VLOOKUP(G75,'Product_Stock_Master产品维护'!$A$2:$L992,12,FALSE),""))
A76: 2026-07-23 | C76: Opening | F76: Mix06 | G76: 98-051-00106-00 | H76: =IF(G76="","",IFERROR(VLOOKUP(G76,'Product_Stock_Master产品维护'!$A$2:$E992,2,FALSE()),"SKU not found")) -> 线束半成品 功率线 62930 IEC 131 1×25.0 mm² 黑色 DC1500V 90℃ VW-1 CQ6-安费诺-负极外部动力线-光伏线5米甩空 | I76: =IF(G76="","",IFERROR(VLOOKUP(G76,'Product_Stock_Master产品维护'!$A$2:$E992,3,FALSE()),"Item type not found")) -> Material | K76: 94 | M76: R1-2-5-L | O76: =IF(C76="","",IF(AND(G76="",NOT(AND(C76="Adjustment_In",P76="Material / 物料"))),"Missing SKU / 缺料号",IF(K76="","Missing Qty / 缺数量",IF(AND(I76="Product",OR(C76="Outbound",C76="Return_to_Repair"),J76=""),"Missing SN for product outbound/return / 成品出库或维修回退缺SN",IF(C76="Move",IF(OR(L76="",M76=""),"Missing Move location / 移库缺来源或目标库位","OK"),IF(OR(C76="Opening",C76="Inbound",C76="Return_to_Repair",C76="Adjustment_In"),IF(M76="","Missing To Location / 缺目标库位","OK"),IF(OR(C76="Outbound",C76="Adjustment_Out",C76="Prepared"),IF(L76="","Missing From Location / 缺来源库位","OK"),"OK"))))))) -> OK | P76: Material / 物料 | Q76: =IF(C76="","",IF(OR(C76="Opening",C76="Inbound",C76="Return_to_Repair",C76="Adjustment_In"),M76,IF(OR(C76="Outbound",C76="Move",C76="Adjustment_Out",C76="Prepared"),L76,""))) -> R1-2-5-L | R76: =IF(C76="","",IF(C76="Return_to_Repair",J76,"")) | S76: =IF(C76="","",IF(C76="Prepared",0,IF(OR(C76="Opening",C76="Inbound",C76="Return_to_Repair",C76="Adjustment_In"),K76,IF(OR(C76="Outbound",C76="Adjustment_Out",C76="Move"),-K76,0)))) -> 94 | T76: =IF(Q76="","",Q76&"|"&F76&"|"&G76&"|"&R76&"|"&P76) -> R1-2-5-L|Mix06|98-051-00106-00||Material / 物料 | U76: Formula helper / 公式辅助 | W76: =IF(A76="","",IF(AND(Z76="Yes",P76=""),"Missing stock condition / 缺库存属性",IF(AND(P76="New / 新机",C76="Return_to_Repair"),"New/repair conflict / 新机维修冲突","OK"))) -> OK | X76: =IF(OR(C76="",D76=""),0,IF(COUNTIFS($C$2:C76,C76,$D$2:D76,D76)=1,1,0)) -> 0 | Y76: =IF(AND(C76="Outbound",D76<>"",COUNTIFS($C$2:C76,"Outbound",$D$2:D76,D76)=1,COUNTIFS($C$2:$C1066,"Return_to_Repair",$D$2:$D1066,D76)=0),1,0) -> 0 | Z76: =IF(G76="","",IFERROR(VLOOKUP(G76,'Product_Stock_Master产品维护'!$A$2:$L992,11,FALSE),"No")) -> No | AA76: =IF(G76="","",IFERROR(VLOOKUP(G76,'Product_Stock_Master产品维护'!$A$2:$L992,12,FALSE),""))
A77: 2026-07-23 | C77: Opening | G77: 20-051-00080-00 | H77: =IF(G77="","",IFERROR(VLOOKUP(G77,'Product_Stock_Master产品维护'!$A$2:$E992,2,FALSE()),"SKU not found")) -> 线束半成品 功率线 62930 IEC 131 1x16.0 mm² 红/黑 DC1500V 90℃ VW-1 CQ6-安费诺-正负极外部动力线-光伏线5米PV | I77: =IF(G77="","",IFERROR(VLOOKUP(G77,'Product_Stock_Master产品维护'!$A$2:$E992,3,FALSE()),"Item type not found")) -> Material | K77: 93 | M77: R1-2-5-R | O77: =IF(C77="","",IF(AND(G77="",NOT(AND(C77="Adjustment_In",P77="Material / 物料"))),"Missing SKU / 缺料号",IF(K77="","Missing Qty / 缺数量",IF(AND(I77="Product",OR(C77="Outbound",C77="Return_to_Repair"),J77=""),"Missing SN for product outbound/return / 成品出库或维修回退缺SN",IF(C77="Move",IF(OR(L77="",M77=""),"Missing Move location / 移库缺来源或目标库位","OK"),IF(OR(C77="Opening",C77="Inbound",C77="Return_to_Repair",C77="Adjustment_In"),IF(M77="","Missing To Location / 缺目标库位","OK"),IF(OR(C77="Outbound",C77="Adjustment_Out",C77="Prepared"),IF(L77="","Missing From Location / 缺来源库位","OK"),"OK"))))))) -> OK | P77: Material / 物料 | Q77: =IF(C77="","",IF(OR(C77="Opening",C77="Inbound",C77="Return_to_Repair",C77="Adjustment_In"),M77,IF(OR(C77="Outbound",C77="Move",C77="Adjustment_Out",C77="Prepared"),L77,""))) -> R1-2-5-R | R77: =IF(C77="","",IF(C77="Return_to_Repair",J77,"")) | S77: =IF(C77="","",IF(C77="Prepared",0,IF(OR(C77="Opening",C77="Inbound",C77="Return_to_Repair",C77="Adjustment_In"),K77,IF(OR(C77="Outbound",C77="Adjustment_Out",C77="Move"),-K77,0)))) -> 93 | T77: =IF(Q77="","",Q77&"|"&F77&"|"&G77&"|"&R77&"|"&P77) -> R1-2-5-R||20-051-00080-00||Material / 物料 | U77: Formula helper / 公式辅助 | W77: =IF(A77="","",IF(AND(Z77="Yes",P77=""),"Missing stock condition / 缺库存属性",IF(AND(P77="New / 新机",C77="Return_to_Repair"),"New/repair conflict / 新机维修冲突","OK"))) -> OK | X77: =IF(OR(C77="",D77=""),0,IF(COUNTIFS($C$2:C77,C77,$D$2:D77,D77)=1,1,0)) -> 0 | Y77: =IF(AND(C77="Outbound",D77<>"",COUNTIFS($C$2:C77,"Outbound",$D$2:D77,D77)=1,COUNTIFS($C$2:$C1067,"Return_to_Repair",$D$2:$D1067,D77)=0),1,0) -> 0 | Z77: =IF(G77="","",IFERROR(VLOOKUP(G77,'Product_Stock_Master产品维护'!$A$2:$L992,11,FALSE),"No")) -> No | AA77: =IF(G77="","",IFERROR(VLOOKUP(G77,'Product_Stock_Master产品维护'!$A$2:$L992,12,FALSE),""))
A78: 2026-07-23 | C78: Opening | G78: 物料 | H78: =IF(G78="","",IFERROR(VLOOKUP(G78,'Product_Stock_Master产品维护'!$A$2:$E992,2,FALSE()),"SKU not found")) -> SKU not found | I78: =IF(G78="","",IFERROR(VLOOKUP(G78,'Product_Stock_Master产品维护'!$A$2:$E992,3,FALSE()),"Item type not found")) -> Item type not found | K78: 99 | M78: R2-4-2-L | O78: =IF(C78="","",IF(AND(G78="",NOT(AND(C78="Adjustment_In",P78="Material / 物料"))),"Missing SKU / 缺料号",IF(K78="","Missing Qty / 缺数量",IF(AND(I78="Product",OR(C78="Outbound",C78="Return_to_Repair"),J78=""),"Missing SN for product outbound/return / 成品出库或维修回退缺SN",IF(C78="Move",IF(OR(L78="",M78=""),"Missing Move location / 移库缺来源或目标库位","OK"),IF(OR(C78="Opening",C78="Inbound",C78="Return_to_Repair",C78="Adjustment_In"),IF(M78="","Missing To Location / 缺目标库位","OK"),IF(OR(C78="Outbound",C78="Adjustment_Out",C78="Prepared"),IF(L78="","Missing From Location / 缺来源库位","OK"),"OK"))))))) -> OK | P78: Material / 物料 | Q78: =IF(C78="","",IF(OR(C78="Opening",C78="Inbound",C78="Return_to_Repair",C78="Adjustment_In"),M78,IF(OR(C78="Outbound",C78="Move",C78="Adjustment_Out",C78="Prepared"),L78,""))) -> R2-4-2-L | R78: =IF(C78="","",IF(C78="Return_to_Repair",J78,"")) | S78: =IF(C78="","",IF(C78="Prepared",0,IF(OR(C78="Opening",C78="Inbound",C78="Return_to_Repair",C78="Adjustment_In"),K78,IF(OR(C78="Outbound",C78="Adjustment_Out",C78="Move"),-K78,0)))) -> 99 | T78: =IF(Q78="","",Q78&"|"&F78&"|"&G78&"|"&R78&"|"&P78) -> R2-4-2-L||物料||Material / 物料 | U78: Formula helper / 公式辅助 | W78: =IF(A78="","",IF(AND(Z78="Yes",P78=""),"Missing stock condition / 缺库存属性",IF(AND(P78="New / 新机",C78="Return_to_Repair"),"New/repair conflict / 新机维修冲突","OK"))) -> OK | X78: =IF(OR(C78="",D78=""),0,IF(COUNTIFS($C$2:C78,C78,$D$2:D78,D78)=1,1,0)) -> 0 | Y78: =IF(AND(C78="Outbound",D78<>"",COUNTIFS($C$2:C78,"Outbound",$D$2:D78,D78)=1,COUNTIFS($C$2:$C1068,"Return_to_Repair",$D$2:$D1068,D78)=0),1,0) -> 0 | Z78: =IF(G78="","",IFERROR(VLOOKUP(G78,'Product_Stock_Master产品维护'!$A$2:$L992,11,FALSE),"No")) -> No | AA78: =IF(G78="","",IFERROR(VLOOKUP(G78,'Product_Stock_Master产品维护'!$A$2:$L992,12,FALSE),""))
A79: 2026-07-23 | C79: Opening | G79: 物料 | H79: =IF(G79="","",IFERROR(VLOOKUP(G79,'Product_Stock_Master产品维护'!$A$2:$E992,2,FALSE()),"SKU not found")) -> SKU not found | I79: =IF(G79="","",IFERROR(VLOOKUP(G79,'Product_Stock_Master产品维护'!$A$2:$E992,3,FALSE()),"Item type not found")) -> Item type not found | K79: 99 | M79: R2-4-2-R | O79: =IF(C79="","",IF(AND(G79="",NOT(AND(C79="Adjustment_In",P79="Material / 物料"))),"Missing SKU / 缺料号",IF(K79="","Missing Qty / 缺数量",IF(AND(I79="Product",OR(C79="Outbound",C79="Return_to_Repair"),J79=""),"Missing SN for product outbound/return / 成品出库或维修回退缺SN",IF(C79="Move",IF(OR(L79="",M79=""),"Missing Move location / 移库缺来源或目标库位","OK"),IF(OR(C79="Opening",C79="Inbound",C79="Return_to_Repair",C79="Adjustment_In"),IF(M79="","Missing To Location / 缺目标库位","OK"),IF(OR(C79="Outbound",C79="Adjustment_Out",C79="Prepared"),IF(L79="","Missing From Location / 缺来源库位","OK"),"OK"))))))) -> OK | P79: Material / 物料 | Q79: =IF(C79="","",IF(OR(C79="Opening",C79="Inbound",C79="Return_to_Repair",C79="Adjustment_In"),M79,IF(OR(C79="Outbound",C79="Move",C79="Adjustment_Out",C79="Prepared"),L79,""))) -> R2-4-2-R | R79: =IF(C79="","",IF(C79="Return_to_Repair",J79,"")) | S79: =IF(C79="","",IF(C79="Prepared",0,IF(OR(C79="Opening",C79="Inbound",C79="Return_to_Repair",C79="Adjustment_In"),K79,IF(OR(C79="Outbound",C79="Adjustment_Out",C79="Move"),-K79,0)))) -> 99 | T79: =IF(Q79="","",Q79&"|"&F79&"|"&G79&"|"&R79&"|"&P79) -> R2-4-2-R||物料||Material / 物料 | U79: Formula helper / 公式辅助 | W79: =IF(A79="","",IF(AND(Z79="Yes",P79=""),"Missing stock condition / 缺库存属性",IF(AND(P79="New / 新机",C79="Return_to_Repair"),"New/repair conflict / 新机维修冲突","OK"))) -> OK | X79: =IF(OR(C79="",D79=""),0,IF(COUNTIFS($C$2:C79,C79,$D$2:D79,D79)=1,1,0)) -> 0 | Y79: =IF(AND(C79="Outbound",D79<>"",COUNTIFS($C$2:C79,"Outbound",$D$2:D79,D79)=1,COUNTIFS($C$2:$C1069,"Return_to_Repair",$D$2:$D1069,D79)=0),1,0) -> 0 | Z79: =IF(G79="","",IFERROR(VLOOKUP(G79,'Product_Stock_Master产品维护'!$A$2:$L992,11,FALSE),"No")) -> No | AA79: =IF(G79="","",IFERROR(VLOOKUP(G79,'Product_Stock_Master产品维护'!$A$2:$L992,12,FALSE),""))
A80: 2026-07-23 | C80: Opening | G80: 坏机 | H80: =IF(G80="","",IFERROR(VLOOKUP(G80,'Product_Stock_Master产品维护'!$A$2:$E992,2,FALSE()),"SKU not found")) -> SKU not found | I80: =IF(G80="","",IFERROR(VLOOKUP(G80,'Product_Stock_Master产品维护'!$A$2:$E992,3,FALSE()),"Item type not found")) -> Item type not found | K80: 6 | M80: R2-1-3-R | O80: =IF(C80="","",IF(AND(G80="",NOT(AND(C80="Adjustment_In",P80="Material / 物料"))),"Missing SKU / 缺料号",IF(K80="","Missing Qty / 缺数量",IF(AND(I80="Product",OR(C80="Outbound",C80="Return_to_Repair"),J80=""),"Missing SN for product outbound/return / 成品出库或维修回退缺SN",IF(C80="Move",IF(OR(L80="",M80=""),"Missing Move location / 移库缺来源或目标库位","OK"),IF(OR(C80="Opening",C80="Inbound",C80="Return_to_Repair",C80="Adjustment_In"),IF(M80="","Missing To Location / 缺目标库位","OK"),IF(OR(C80="Outbound",C80="Adjustment_Out",C80="Prepared"),IF(L80="","Missing From Location / 缺来源库位","OK"),"OK"))))))) -> OK | P80: Material / 物料 | Q80: =IF(C80="","",IF(OR(C80="Opening",C80="Inbound",C80="Return_to_Repair",C80="Adjustment_In"),M80,IF(OR(C80="Outbound",C80="Move",C80="Adjustment_Out",C80="Prepared"),L80,""))) -> R2-1-3-R | R80: =IF(C80="","",IF(C80="Return_to_Repair",J80,"")) | S80: =IF(C80="","",IF(C80="Prepared",0,IF(OR(C80="Opening",C80="Inbound",C80="Return_to_Repair",C80="Adjustment_In"),K80,IF(OR(C80="Outbound",C80="Adjustment_Out",C80="Move"),-K80,0)))) -> 6 | T80: =IF(Q80="","",Q80&"|"&F80&"|"&G80&"|"&R80&"|"&P80) -> R2-1-3-R||坏机||Material / 物料 | U80: Formula helper / 公式辅助 | W80: =IF(A80="","",IF(AND(Z80="Yes",P80=""),"Missing stock condition / 缺库存属性",IF(AND(P80="New / 新机",C80="Return_to_Repair"),"New/repair conflict / 新机维修冲突","OK"))) -> OK | X80: =IF(OR(C80="",D80=""),0,IF(COUNTIFS($C$2:C80,C80,$D$2:D80,D80)=1,1,0)) -> 0 | Y80: =IF(AND(C80="Outbound",D80<>"",COUNTIFS($C$2:C80,"Outbound",$D$2:D80,D80)=1,COUNTIFS($C$2:$C1070,"Return_to_Repair",$D$2:$D1070,D80)=0),1,0) -> 0 | Z80: =IF(G80="","",IFERROR(VLOOKUP(G80,'Product_Stock_Master产品维护'!$A$2:$L992,11,FALSE),"No")) -> No | AA80: =IF(G80="","",IFERROR(VLOOKUP(G80,'Product_Stock_Master产品维护'!$A$2:$L992,12,FALSE),""))
A81: 2026-07-23 | C81: Opening | G81: 坏机 | H81: =IF(G81="","",IFERROR(VLOOKUP(G81,'Product_Stock_Master产品维护'!$A$2:$E992,2,FALSE()),"SKU not found")) -> SKU not found | I81: =IF(G81="","",IFERROR(VLOOKUP(G81,'Product_Stock_Master产品维护'!$A$2:$E992,3,FALSE()),"Item type not found")) -> Item type not found | K81: 6 | M81: R2-1-2-R | O81: =IF(C81="","",IF(AND(G81="",NOT(AND(C81="Adjustment_In",P81="Material / 物料"))),"Missing SKU / 缺料号",IF(K81="","Missing Qty / 缺数量",IF(AND(I81="Product",OR(C81="Outbound",C81="Return_to_Repair"),J81=""),"Missing SN for product outbound/return / 成品出库或维修回退缺SN",IF(C81="Move",IF(OR(L81="",M81=""),"Missing Move location / 移库缺来源或目标库位","OK"),IF(OR(C81="Opening",C81="Inbound",C81="Return_to_Repair",C81="Adjustment_In"),IF(M81="","Missing To Location / 缺目标库位","OK"),IF(OR(C81="Outbound",C81="Adjustment_Out",C81="Prepared"),IF(L81="","Missing From Location / 缺来源库位","OK"),"OK"))))))) -> OK | P81: Material / 物料 | Q81: =IF(C81="","",IF(OR(C81="Opening",C81="Inbound",C81="Return_to_Repair",C81="Adjustment_In"),M81,IF(OR(C81="Outbound",C81="Move",C81="Adjustment_Out",C81="Prepared"),L81,""))) -> R2-1-2-R | R81: =IF(C81="","",IF(C81="Return_to_Repair",J81,"")) | S81: =IF(C81="","",IF(C81="Prepared",0,IF(OR(C81="Opening",C81="Inbound",C81="Return_to_Repair",C81="Adjustment_In"),K81,IF(OR(C81="Outbound",C81="Adjustment_Out",C81="Move"),-K81,0)))) -> 6 | T81: =IF(Q81="","",Q81&"|"&F81&"|"&G81&"|"&R81&"|"&P81) -> R2-1-2-R||坏机||Material / 物料 | U81: Formula helper / 公式辅助 | W81: =IF(A81="","",IF(AND(Z81="Yes",P81=""),"Missing stock condition / 缺库存属性",IF(AND(P81="New / 新机",C81="Return_to_Repair"),"New/repair conflict / 新机维修冲突","OK"))) -> OK | X81: =IF(OR(C81="",D81=""),0,IF(COUNTIFS($C$2:C81,C81,$D$2:D81,D81)=1,1,0)) -> 0 | Y81: =IF(AND(C81="Outbound",D81<>"",COUNTIFS($C$2:C81,"Outbound",$D$2:D81,D81)=1,COUNTIFS($C$2:$C1071,"Return_to_Repair",$D$2:$D1071,D81)=0),1,0) -> 0 | Z81: =IF(G81="","",IFERROR(VLOOKUP(G81,'Product_Stock_Master产品维护'!$A$2:$L992,11,FALSE),"No")) -> No | AA81: =IF(G81="","",IFERROR(VLOOKUP(G81,'Product_Stock_Master产品维护'!$A$2:$L992,12,FALSE),""))
A82: 2026-07-23 | C82: Opening | G82: 20-012-10270-04 | H82: =IF(G82="","",IFERROR(VLOOKUP(G82,'Product_Stock_Master产品维护'!$A$2:$E992,2,FALSE()),"SKU not found")) -> PCBA-逆变器 H3-PRO 30kW 功率板 | I82: =IF(G82="","",IFERROR(VLOOKUP(G82,'Product_Stock_Master产品维护'!$A$2:$E992,3,FALSE()),"Item type not found")) -> Material | K82: 40 | M82: R2-4-1-L | O82: =IF(C82="","",IF(AND(G82="",NOT(AND(C82="Adjustment_In",P82="Material / 物料"))),"Missing SKU / 缺料号",IF(K82="","Missing Qty / 缺数量",IF(AND(I82="Product",OR(C82="Outbound",C82="Return_to_Repair"),J82=""),"Missing SN for product outbound/return / 成品出库或维修回退缺SN",IF(C82="Move",IF(OR(L82="",M82=""),"Missing Move location / 移库缺来源或目标库位","OK"),IF(OR(C82="Opening",C82="Inbound",C82="Return_to_Repair",C82="Adjustment_In"),IF(M82="","Missing To Location / 缺目标库位","OK"),IF(OR(C82="Outbound",C82="Adjustment_Out",C82="Prepared"),IF(L82="","Missing From Location / 缺来源库位","OK"),"OK"))))))) -> OK | P82: Material / 物料 | Q82: =IF(C82="","",IF(OR(C82="Opening",C82="Inbound",C82="Return_to_Repair",C82="Adjustment_In"),M82,IF(OR(C82="Outbound",C82="Move",C82="Adjustment_Out",C82="Prepared"),L82,""))) -> R2-4-1-L | R82: =IF(C82="","",IF(C82="Return_to_Repair",J82,"")) | S82: =IF(C82="","",IF(C82="Prepared",0,IF(OR(C82="Opening",C82="Inbound",C82="Return_to_Repair",C82="Adjustment_In"),K82,IF(OR(C82="Outbound",C82="Adjustment_Out",C82="Move"),-K82,0)))) -> 40 | T82: =IF(Q82="","",Q82&"|"&F82&"|"&G82&"|"&R82&"|"&P82) -> R2-4-1-L||20-012-10270-04||Material / 物料 | U82: Formula helper / 公式辅助 | W82: =IF(A82="","",IF(AND(Z82="Yes",P82=""),"Missing stock condition / 缺库存属性",IF(AND(P82="New / 新机",C82="Return_to_Repair"),"New/repair conflict / 新机维修冲突","OK"))) -> OK | X82: =IF(OR(C82="",D82=""),0,IF(COUNTIFS($C$2:C82,C82,$D$2:D82,D82)=1,1,0)) -> 0 | Y82: =IF(AND(C82="Outbound",D82<>"",COUNTIFS($C$2:C82,"Outbound",$D$2:D82,D82)=1,COUNTIFS($C$2:$C1072,"Return_to_Repair",$D$2:$D1072,D82)=0),1,0) -> 0 | Z82: =IF(G82="","",IFERROR(VLOOKUP(G82,'Product_Stock_Master产品维护'!$A$2:$L992,11,FALSE),"No")) -> No | AA82: =IF(G82="","",IFERROR(VLOOKUP(G82,'Product_Stock_Master产品维护'!$A$2:$L992,12,FALSE),""))
A83: 2026-07-23 | C83: Opening | G83: 20-012-10270-04 | H83: =IF(G83="","",IFERROR(VLOOKUP(G83,'Product_Stock_Master产品维护'!$A$2:$E992,2,FALSE()),"SKU not found")) -> PCBA-逆变器 H3-PRO 30kW 功率板 | I83: =IF(G83="","",IFERROR(VLOOKUP(G83,'Product_Stock_Master产品维护'!$A$2:$E992,3,FALSE()),"Item type not found")) -> Material | K83: 40 | M83: R2-4-1-R | O83: =IF(C83="","",IF(AND(G83="",NOT(AND(C83="Adjustment_In",P83="Material / 物料"))),"Missing SKU / 缺料号",IF(K83="","Missing Qty / 缺数量",IF(AND(I83="Product",OR(C83="Outbound",C83="Return_to_Repair"),J83=""),"Missing SN for product outbound/return / 成品出库或维修回退缺SN",IF(C83="Move",IF(OR(L83="",M83=""),"Missing Move location / 移库缺来源或目标库位","OK"),IF(OR(C83="Opening",C83="Inbound",C83="Return_to_Repair",C83="Adjustment_In"),IF(M83="","Missing To Location / 缺目标库位","OK"),IF(OR(C83="Outbound",C83="Adjustment_Out",C83="Prepared"),IF(L83="","Missing From Location / 缺来源库位","OK"),"OK"))))))) -> OK | P83: Material / 物料 | Q83: =IF(C83="","",IF(OR(C83="Opening",C83="Inbound",C83="Return_to_Repair",C83="Adjustment_In"),M83,IF(OR(C83="Outbound",C83="Move",C83="Adjustment_Out",C83="Prepared"),L83,""))) -> R2-4-1-R | R83: =IF(C83="","",IF(C83="Return_to_Repair",J83,"")) | S83: =IF(C83="","",IF(C83="Prepared",0,IF(OR(C83="Opening",C83="Inbound",C83="Return_to_Repair",C83="Adjustment_In"),K83,IF(OR(C83="Outbound",C83="Adjustment_Out",C83="Move"),-K83,0)))) -> 40 | T83: =IF(Q83="","",Q83&"|"&F83&"|"&G83&"|"&R83&"|"&P83) -> R2-4-1-R||20-012-10270-04||Material / 物料 | U83: Formula helper / 公式辅助 | W83: =IF(A83="","",IF(AND(Z83="Yes",P83=""),"Missing stock condition / 缺库存属性",IF(AND(P83="New / 新机",C83="Return_to_Repair"),"New/repair conflict / 新机维修冲突","OK"))) -> OK | X83: =IF(OR(C83="",D83=""),0,IF(COUNTIFS($C$2:C83,C83,$D$2:D83,D83)=1,1,0)) -> 0 | Y83: =IF(AND(C83="Outbound",D83<>"",COUNTIFS($C$2:C83,"Outbound",$D$2:D83,D83)=1,COUNTIFS($C$2:$C1073,"Return_to_Repair",$D$2:$D1073,D83)=0),1,0) -> 0 | Z83: =IF(G83="","",IFERROR(VLOOKUP(G83,'Product_Stock_Master产品维护'!$A$2:$L992,11,FALSE),"No")) -> No | AA83: =IF(G83="","",IFERROR(VLOOKUP(G83,'Product_Stock_Master产品维护'!$A$2:$L992,12,FALSE),""))
A84: 2026-07-23 | C84: Opening | G84: 物料 | H84: =IF(G84="","",IFERROR(VLOOKUP(G84,'Product_Stock_Master产品维护'!$A$2:$E992,2,FALSE()),"SKU not found")) -> SKU not found | I84: =IF(G84="","",IFERROR(VLOOKUP(G84,'Product_Stock_Master产品维护'!$A$2:$E992,3,FALSE()),"Item type not found")) -> Item type not found | K84: 99 | M84: R1-1-6-L | O84: =IF(C84="","",IF(AND(G84="",NOT(AND(C84="Adjustment_In",P84="Material / 物料"))),"Missing SKU / 缺料号",IF(K84="","Missing Qty / 缺数量",IF(AND(I84="Product",OR(C84="Outbound",C84="Return_to_Repair"),J84=""),"Missing SN for product outbound/return / 成品出库或维修回退缺SN",IF(C84="Move",IF(OR(L84="",M84=""),"Missing Move location / 移库缺来源或目标库位","OK"),IF(OR(C84="Opening",C84="Inbound",C84="Return_to_Repair",C84="Adjustment_In"),IF(M84="","Missing To Location / 缺目标库位","OK"),IF(OR(C84="Outbound",C84="Adjustment_Out",C84="Prepared"),IF(L84="","Missing From Location / 缺来源库位","OK"),"OK"))))))) -> OK | P84: Material / 物料 | Q84: =IF(C84="","",IF(OR(C84="Opening",C84="Inbound",C84="Return_to_Repair",C84="Adjustment_In"),M84,IF(OR(C84="Outbound",C84="Move",C84="Adjustment_Out",C84="Prepared"),L84,""))) -> R1-1-6-L | R84: =IF(C84="","",IF(C84="Return_to_Repair",J84,"")) | S84: =IF(C84="","",IF(C84="Prepared",0,IF(OR(C84="Opening",C84="Inbound",C84="Return_to_Repair",C84="Adjustment_In"),K84,IF(OR(C84="Outbound",C84="Adjustment_Out",C84="Move"),-K84,0)))) -> 99 | T84: =IF(Q84="","",Q84&"|"&F84&"|"&G84&"|"&R84&"|"&P84) -> R1-1-6-L||物料||Material / 物料 | U84: Formula helper / 公式辅助 | W84: =IF(A84="","",IF(AND(Z84="Yes",P84=""),"Missing stock condition / 缺库存属性",IF(AND(P84="New / 新机",C84="Return_to_Repair"),"New/repair conflict / 新机维修冲突","OK"))) -> OK | X84: =IF(OR(C84="",D84=""),0,IF(COUNTIFS($C$2:C84,C84,$D$2:D84,D84)=1,1,0)) -> 0 | Y84: =IF(AND(C84="Outbound",D84<>"",COUNTIFS($C$2:C84,"Outbound",$D$2:D84,D84)=1,COUNTIFS($C$2:$C1074,"Return_to_Repair",$D$2:$D1074,D84)=0),1,0) -> 0 | Z84: =IF(G84="","",IFERROR(VLOOKUP(G84,'Product_Stock_Master产品维护'!$A$2:$L992,11,FALSE),"No")) -> No | AA84: =IF(G84="","",IFERROR(VLOOKUP(G84,'Product_Stock_Master产品维护'!$A$2:$L992,12,FALSE),""))
A85: 2026-07-23 | C85: Opening | F85: Mix07 | G85: 98-012-10639-03 | H85: =IF(G85="","",IFERROR(VLOOKUP(G85,'Product_Stock_Master产品维护'!$A$2:$E992,2,FALSE()),"SKU not found")) -> SKU not found | I85: =IF(G85="","",IFERROR(VLOOKUP(G85,'Product_Stock_Master产品维护'!$A$2:$E992,3,FALSE()),"Item type not found")) -> Item type not found | K85: 16 | M85: R1-4-4-R | O85: =IF(C85="","",IF(AND(G85="",NOT(AND(C85="Adjustment_In",P85="Material / 物料"))),"Missing SKU / 缺料号",IF(K85="","Missing Qty / 缺数量",IF(AND(I85="Product",OR(C85="Outbound",C85="Return_to_Repair"),J85=""),"Missing SN for product outbound/return / 成品出库或维修回退缺SN",IF(C85="Move",IF(OR(L85="",M85=""),"Missing Move location / 移库缺来源或目标库位","OK"),IF(OR(C85="Opening",C85="Inbound",C85="Return_to_Repair",C85="Adjustment_In"),IF(M85="","Missing To Location / 缺目标库位","OK"),IF(OR(C85="Outbound",C85="Adjustment_Out",C85="Prepared"),IF(L85="","Missing From Location / 缺来源库位","OK"),"OK"))))))) -> OK | P85: Material / 物料 | Q85: =IF(C85="","",IF(OR(C85="Opening",C85="Inbound",C85="Return_to_Repair",C85="Adjustment_In"),M85,IF(OR(C85="Outbound",C85="Move",C85="Adjustment_Out",C85="Prepared"),L85,""))) -> R1-4-4-R | R85: =IF(C85="","",IF(C85="Return_to_Repair",J85,"")) | S85: =IF(C85="","",IF(C85="Prepared",0,IF(OR(C85="Opening",C85="Inbound",C85="Return_to_Repair",C85="Adjustment_In"),K85,IF(OR(C85="Outbound",C85="Adjustment_Out",C85="Move"),-K85,0)))) -> 16 | T85: =IF(Q85="","",Q85&"|"&F85&"|"&G85&"|"&R85&"|"&P85) -> R1-4-4-R|Mix07|98-012-10639-03||Material / 物料 | U85: Formula helper / 公式辅助 | W85: =IF(A85="","",IF(AND(Z85="Yes",P85=""),"Missing stock condition / 缺库存属性",IF(AND(P85="New / 新机",C85="Return_to_Repair"),"New/repair conflict / 新机维修冲突","OK"))) -> OK | X85: =IF(OR(C85="",D85=""),0,IF(COUNTIFS($C$2:C85,C85,$D$2:D85,D85)=1,1,0)) -> 0 | Y85: =IF(AND(C85="Outbound",D85<>"",COUNTIFS($C$2:C85,"Outbound",$D$2:D85,D85)=1,COUNTIFS($C$2:$C1075,"Return_to_Repair",$D$2:$D1075,D85)=0),1,0) -> 0 | Z85: =IF(G85="","",IFERROR(VLOOKUP(G85,'Product_Stock_Master产品维护'!$A$2:$L992,11,FALSE),"No")) -> No | AA85: =IF(G85="","",IFERROR(VLOOKUP(G85,'Product_Stock_Master产品维护'!$A$2:$L992,12,FALSE),""))
A86: 2026-07-23 | C86: Opening | F86: Mix07 | G86: 20-012-10342-02 | H86: =IF(G86="","",IFERROR(VLOOKUP(G86,'Product_Stock_Master产品维护'!$A$2:$E992,2,FALSE()),"SKU not found")) -> PCBA-逆变器 KH 9-10.5kW 功率板 | I86: =IF(G86="","",IFERROR(VLOOKUP(G86,'Product_Stock_Master产品维护'!$A$2:$E992,3,FALSE()),"Item type not found")) -> Material | K86: 10 | M86: R1-4-4-R | O86: =IF(C86="","",IF(AND(G86="",NOT(AND(C86="Adjustment_In",P86="Material / 物料"))),"Missing SKU / 缺料号",IF(K86="","Missing Qty / 缺数量",IF(AND(I86="Product",OR(C86="Outbound",C86="Return_to_Repair"),J86=""),"Missing SN for product outbound/return / 成品出库或维修回退缺SN",IF(C86="Move",IF(OR(L86="",M86=""),"Missing Move location / 移库缺来源或目标库位","OK"),IF(OR(C86="Opening",C86="Inbound",C86="Return_to_Repair",C86="Adjustment_In"),IF(M86="","Missing To Location / 缺目标库位","OK"),IF(OR(C86="Outbound",C86="Adjustment_Out",C86="Prepared"),IF(L86="","Missing From Location / 缺来源库位","OK"),"OK"))))))) -> OK | P86: Material / 物料 | Q86: =IF(C86="","",IF(OR(C86="Opening",C86="Inbound",C86="Return_to_Repair",C86="Adjustment_In"),M86,IF(OR(C86="Outbound",C86="Move",C86="Adjustment_Out",C86="Prepared"),L86,""))) -> R1-4-4-R | R86: =IF(C86="","",IF(C86="Return_to_Repair",J86,"")) | S86: =IF(C86="","",IF(C86="Prepared",0,IF(OR(C86="Opening",C86="Inbound",C86="Return_to_Repair",C86="Adjustment_In"),K86,IF(OR(C86="Outbound",C86="Adjustment_Out",C86="Move"),-K86,0)))) -> 10 | T86: =IF(Q86="","",Q86&"|"&F86&"|"&G86&"|"&R86&"|"&P86) -> R1-4-4-R|Mix07|20-012-10342-02||Material / 物料 | U86: Formula helper / 公式辅助 | W86: =IF(A86="","",IF(AND(Z86="Yes",P86=""),"Missing stock condition / 缺库存属性",IF(AND(P86="New / 新机",C86="Return_to_Repair"),"New/repair conflict / 新机维修冲突","OK"))) -> OK | X86: =IF(OR(C86="",D86=""),0,IF(COUNTIFS($C$2:C86,C86,$D$2:D86,D86)=1,1,0)) -> 0 | Y86: =IF(AND(C86="Outbound",D86<>"",COUNTIFS($C$2:C86,"Outbound",$D$2:D86,D86)=1,COUNTIFS($C$2:$C1076,"Return_to_Repair",$D$2:$D1076,D86)=0),1,0) -> 0 | Z86: =IF(G86="","",IFERROR(VLOOKUP(G86,'Product_Stock_Master产品维护'!$A$2:$L992,11,FALSE),"No")) -> No | AA86: =IF(G86="","",IFERROR(VLOOKUP(G86,'Product_Stock_Master产品维护'!$A$2:$L992,12,FALSE),""))
A87: 2026-07-23 | C87: Opening | G87: 物料 | H87: =IF(G87="","",IFERROR(VLOOKUP(G87,'Product_Stock_Master产品维护'!$A$2:$E992,2,FALSE()),"SKU not found")) -> SKU not found | I87: =IF(G87="","",IFERROR(VLOOKUP(G87,'Product_Stock_Master产品维护'!$A$2:$E992,3,FALSE()),"Item type not found")) -> Item type not found | K87: 99 | M87: R1-4-5-R | O87: =IF(C87="","",IF(AND(G87="",NOT(AND(C87="Adjustment_In",P87="Material / 物料"))),"Missing SKU / 缺料号",IF(K87="","Missing Qty / 缺数量",IF(AND(I87="Product",OR(C87="Outbound",C87="Return_to_Repair"),J87=""),"Missing SN for product outbound/return / 成品出库或维修回退缺SN",IF(C87="Move",IF(OR(L87="",M87=""),"Missing Move location / 移库缺来源或目标库位","OK"),IF(OR(C87="Opening",C87="Inbound",C87="Return_to_Repair",C87="Adjustment_In"),IF(M87="","Missing To Location / 缺目标库位","OK"),IF(OR(C87="Outbound",C87="Adjustment_Out",C87="Prepared"),IF(L87="","Missing From Location / 缺来源库位","OK"),"OK"))))))) -> OK | P87: Material / 物料 | Q87: =IF(C87="","",IF(OR(C87="Opening",C87="Inbound",C87="Return_to_Repair",C87="Adjustment_In"),M87,IF(OR(C87="Outbound",C87="Move",C87="Adjustment_Out",C87="Prepared"),L87,""))) -> R1-4-5-R | R87: =IF(C87="","",IF(C87="Return_to_Repair",J87,"")) | S87: =IF(C87="","",IF(C87="Prepared",0,IF(OR(C87="Opening",C87="Inbound",C87="Return_to_Repair",C87="Adjustment_In"),K87,IF(OR(C87="Outbound",C87="Adjustment_Out",C87="Move"),-K87,0)))) -> 99 | T87: =IF(Q87="","",Q87&"|"&F87&"|"&G87&"|"&R87&"|"&P87) -> R1-4-5-R||物料||Material / 物料 | U87: Formula helper / 公式辅助 | W87: =IF(A87="","",IF(AND(Z87="Yes",P87=""),"Missing stock condition / 缺库存属性",IF(AND(P87="New / 新机",C87="Return_to_Repair"),"New/repair conflict / 新机维修冲突","OK"))) -> OK | X87: =IF(OR(C87="",D87=""),0,IF(COUNTIFS($C$2:C87,C87,$D$2:D87,D87)=1,1,0)) -> 0 | Y87: =IF(AND(C87="Outbound",D87<>"",COUNTIFS($C$2:C87,"Outbound",$D$2:D87,D87)=1,COUNTIFS($C$2:$C1077,"Return_to_Repair",$D$2:$D1077,D87)=0),1,0) -> 0 | Z87: =IF(G87="","",IFERROR(VLOOKUP(G87,'Product_Stock_Master产品维护'!$A$2:$L992,11,FALSE),"No")) -> No | AA87: =IF(G87="","",IFERROR(VLOOKUP(G87,'Product_Stock_Master产品维护'!$A$2:$L992,12,FALSE),""))
A88: 2026-07-23 | C88: Opening | G88: 物料 | H88: =IF(G88="","",IFERROR(VLOOKUP(G88,'Product_Stock_Master产品维护'!$A$2:$E992,2,FALSE()),"SKU not found")) -> SKU not found | I88: =IF(G88="","",IFERROR(VLOOKUP(G88,'Product_Stock_Master产品维护'!$A$2:$E992,3,FALSE()),"Item type not found")) -> Item type not found | K88: 99 | M88: R1-1-6-M | O88: =IF(C88="","",IF(AND(G88="",NOT(AND(C88="Adjustment_In",P88="Material / 物料"))),"Missing SKU / 缺料号",IF(K88="","Missing Qty / 缺数量",IF(AND(I88="Product",OR(C88="Outbound",C88="Return_to_Repair"),J88=""),"Missing SN for product outbound/return / 成品出库或维修回退缺SN",IF(C88="Move",IF(OR(L88="",M88=""),"Missing Move location / 移库缺来源或目标库位","OK"),IF(OR(C88="Opening",C88="Inbound",C88="Return_to_Repair",C88="Adjustment_In"),IF(M88="","Missing To Location / 缺目标库位","OK"),IF(OR(C88="Outbound",C88="Adjustment_Out",C88="Prepared"),IF(L88="","Missing From Location / 缺来源库位","OK"),"OK"))))))) -> OK | P88: Material / 物料 | Q88: =IF(C88="","",IF(OR(C88="Opening",C88="Inbound",C88="Return_to_Repair",C88="Adjustment_In"),M88,IF(OR(C88="Outbound",C88="Move",C88="Adjustment_Out",C88="Prepared"),L88,""))) -> R1-1-6-M | R88: =IF(C88="","",IF(C88="Return_to_Repair",J88,"")) | S88: =IF(C88="","",IF(C88="Prepared",0,IF(OR(C88="Opening",C88="Inbound",C88="Return_to_Repair",C88="Adjustment_In"),K88,IF(OR(C88="Outbound",C88="Adjustment_Out",C88="Move"),-K88,0)))) -> 99 | T88: =IF(Q88="","",Q88&"|"&F88&"|"&G88&"|"&R88&"|"&P88) -> R1-1-6-M||物料||Material / 物料 | U88: Formula helper / 公式辅助 | W88: =IF(A88="","",IF(AND(Z88="Yes",P88=""),"Missing stock condition / 缺库存属性",IF(AND(P88="New / 新机",C88="Return_to_Repair"),"New/repair conflict / 新机维修冲突","OK"))) -> OK | X88: =IF(OR(C88="",D88=""),0,IF(COUNTIFS($C$2:C88,C88,$D$2:D88,D88)=1,1,0)) -> 0 | Y88: =IF(AND(C88="Outbound",D88<>"",COUNTIFS($C$2:C88,"Outbound",$D$2:D88,D88)=1,COUNTIFS($C$2:$C1078,"Return_to_Repair",$D$2:$D1078,D88)=0),1,0) -> 0 | Z88: =IF(G88="","",IFERROR(VLOOKUP(G88,'Product_Stock_Master产品维护'!$A$2:$L992,11,FALSE),"No")) -> No | AA88: =IF(G88="","",IFERROR(VLOOKUP(G88,'Product_Stock_Master产品维护'!$A$2:$L992,12,FALSE),""))
A89: 2026-07-23 | C89: Opening | G89: 物料 | H89: =IF(G89="","",IFERROR(VLOOKUP(G89,'Product_Stock_Master产品维护'!$A$2:$E992,2,FALSE()),"SKU not found")) -> SKU not found | I89: =IF(G89="","",IFERROR(VLOOKUP(G89,'Product_Stock_Master产品维护'!$A$2:$E992,3,FALSE()),"Item type not found")) -> Item type not found | K89: 99 | M89: R1-1-6-R | O89: =IF(C89="","",IF(AND(G89="",NOT(AND(C89="Adjustment_In",P89="Material / 物料"))),"Missing SKU / 缺料号",IF(K89="","Missing Qty / 缺数量",IF(AND(I89="Product",OR(C89="Outbound",C89="Return_to_Repair"),J89=""),"Missing SN for product outbound/return / 成品出库或维修回退缺SN",IF(C89="Move",IF(OR(L89="",M89=""),"Missing Move location / 移库缺来源或目标库位","OK"),IF(OR(C89="Opening",C89="Inbound",C89="Return_to_Repair",C89="Adjustment_In"),IF(M89="","Missing To Location / 缺目标库位","OK"),IF(OR(C89="Outbound",C89="Adjustment_Out",C89="Prepared"),IF(L89="","Missing From Location / 缺来源库位","OK"),"OK"))))))) -> OK | P89: Material / 物料 | Q89: =IF(C89="","",IF(OR(C89="Opening",C89="Inbound",C89="Return_to_Repair",C89="Adjustment_In"),M89,IF(OR(C89="Outbound",C89="Move",C89="Adjustment_Out",C89="Prepared"),L89,""))) -> R1-1-6-R | R89: =IF(C89="","",IF(C89="Return_to_Repair",J89,"")) | S89: =IF(C89="","",IF(C89="Prepared",0,IF(OR(C89="Opening",C89="Inbound",C89="Return_to_Repair",C89="Adjustment_In"),K89,IF(OR(C89="Outbound",C89="Adjustment_Out",C89="Move"),-K89,0)))) -> 99 | T89: =IF(Q89="","",Q89&"|"&F89&"|"&G89&"|"&R89&"|"&P89) -> R1-1-6-R||物料||Material / 物料 | U89: Formula helper / 公式辅助 | W89: =IF(A89="","",IF(AND(Z89="Yes",P89=""),"Missing stock condition / 缺库存属性",IF(AND(P89="New / 新机",C89="Return_to_Repair"),"New/repair conflict / 新机维修冲突","OK"))) -> OK | X89: =IF(OR(C89="",D89=""),0,IF(COUNTIFS($C$2:C89,C89,$D$2:D89,D89)=1,1,0)) -> 0 | Y89: =IF(AND(C89="Outbound",D89<>"",COUNTIFS($C$2:C89,"Outbound",$D$2:D89,D89)=1,COUNTIFS($C$2:$C1079,"Return_to_Repair",$D$2:$D1079,D89)=0),1,0) -> 0 | Z89: =IF(G89="","",IFERROR(VLOOKUP(G89,'Product_Stock_Master产品维护'!$A$2:$L992,11,FALSE),"No")) -> No | AA89: =IF(G89="","",IFERROR(VLOOKUP(G89,'Product_Stock_Master产品维护'!$A$2:$L992,12,FALSE),""))
A90: 2026-07-23 | C90: Opening | G90: 物料 | H90: =IF(G90="","",IFERROR(VLOOKUP(G90,'Product_Stock_Master产品维护'!$A$2:$E992,2,FALSE()),"SKU not found")) -> SKU not found | I90: =IF(G90="","",IFERROR(VLOOKUP(G90,'Product_Stock_Master产品维护'!$A$2:$E992,3,FALSE()),"Item type not found")) -> Item type not found | K90: 99 | M90: R1-2-6-L | O90: =IF(C90="","",IF(AND(G90="",NOT(AND(C90="Adjustment_In",P90="Material / 物料"))),"Missing SKU / 缺料号",IF(K90="","Missing Qty / 缺数量",IF(AND(I90="Product",OR(C90="Outbound",C90="Return_to_Repair"),J90=""),"Missing SN for product outbound/return / 成品出库或维修回退缺SN",IF(C90="Move",IF(OR(L90="",M90=""),"Missing Move location / 移库缺来源或目标库位","OK"),IF(OR(C90="Opening",C90="Inbound",C90="Return_to_Repair",C90="Adjustment_In"),IF(M90="","Missing To Location / 缺目标库位","OK"),IF(OR(C90="Outbound",C90="Adjustment_Out",C90="Prepared"),IF(L90="","Missing From Location / 缺来源库位","OK"),"OK"))))))) -> OK | P90: Material / 物料 | Q90: =IF(C90="","",IF(OR(C90="Opening",C90="Inbound",C90="Return_to_Repair",C90="Adjustment_In"),M90,IF(OR(C90="Outbound",C90="Move",C90="Adjustment_Out",C90="Prepared"),L90,""))) -> R1-2-6-L | R90: =IF(C90="","",IF(C90="Return_to_Repair",J90,"")) | S90: =IF(C90="","",IF(C90="Prepared",0,IF(OR(C90="Opening",C90="Inbound",C90="Return_to_Repair",C90="Adjustment_In"),K90,IF(OR(C90="Outbound",C90="Adjustment_Out",C90="Move"),-K90,0)))) -> 99 | T90: =IF(Q90="","",Q90&"|"&F90&"|"&G90&"|"&R90&"|"&P90) -> R1-2-6-L||物料||Material / 物料 | U90: Formula helper / 公式辅助 | W90: =IF(A90="","",IF(AND(Z90="Yes",P90=""),"Missing stock condition / 缺库存属性",IF(AND(P90="New / 新机",C90="Return_to_Repair"),"New/repair conflict / 新机维修冲突","OK"))) -> OK | X90: =IF(OR(C90="",D90=""),0,IF(COUNTIFS($C$2:C90,C90,$D$2:D90,D90)=1,1,0)) -> 0 | Y90: =IF(AND(C90="Outbound",D90<>"",COUNTIFS($C$2:C90,"Outbound",$D$2:D90,D90)=1,COUNTIFS($C$2:$C1080,"Return_to_Repair",$D$2:$D1080,D90)=0),1,0) -> 0 | Z90: =IF(G90="","",IFERROR(VLOOKUP(G90,'Product_Stock_Master产品维护'!$A$2:$L992,11,FALSE),"No")) -> No | AA90: =IF(G90="","",IFERROR(VLOOKUP(G90,'Product_Stock_Master产品维护'!$A$2:$L992,12,FALSE),""))
A91: 2026-07-23 | C91: Opening | G91: 物料 | H91: =IF(G91="","",IFERROR(VLOOKUP(G91,'Product_Stock_Master产品维护'!$A$2:$E992,2,FALSE()),"SKU not found")) -> SKU not found | I91: =IF(G91="","",IFERROR(VLOOKUP(G91,'Product_Stock_Master产品维护'!$A$2:$E992,3,FALSE()),"Item type not found")) -> Item type not found | K91: 99 | M91: R1-2-6-M | O91: =IF(C91="","",IF(AND(G91="",NOT(AND(C91="Adjustment_In",P91="Material / 物料"))),"Missing SKU / 缺料号",IF(K91="","Missing Qty / 缺数量",IF(AND(I91="Product",OR(C91="Outbound",C91="Return_to_Repair"),J91=""),"Missing SN for product outbound/return / 成品出库或维修回退缺SN",IF(C91="Move",IF(OR(L91="",M91=""),"Missing Move location / 移库缺来源或目标库位","OK"),IF(OR(C91="Opening",C91="Inbound",C91="Return_to_Repair",C91="Adjustment_In"),IF(M91="","Missing To Location / 缺目标库位","OK"),IF(OR(C91="Outbound",C91="Adjustment_Out",C91="Prepared"),IF(L91="","Missing From Location / 缺来源库位","OK"),"OK"))))))) -> OK | P91: Material / 物料 | Q91: =IF(C91="","",IF(OR(C91="Opening",C91="Inbound",C91="Return_to_Repair",C91="Adjustment_In"),M91,IF(OR(C91="Outbound",C91="Move",C91="Adjustment_Out",C91="Prepared"),L91,""))) -> R1-2-6-M | R91: =IF(C91="","",IF(C91="Return_to_Repair",J91,"")) | S91: =IF(C91="","",IF(C91="Prepared",0,IF(OR(C91="Opening",C91="Inbound",C91="Return_to_Repair",C91="Adjustment_In"),K91,IF(OR(C91="Outbound",C91="Adjustment_Out",C91="Move"),-K91,0)))) -> 99 | T91: =IF(Q91="","",Q91&"|"&F91&"|"&G91&"|"&R91&"|"&P91) -> R1-2-6-M||物料||Material / 物料 | U91: Formula helper / 公式辅助 | W91: =IF(A91="","",IF(AND(Z91="Yes",P91=""),"Missing stock condition / 缺库存属性",IF(AND(P91="New / 新机",C91="Return_to_Repair"),"New/repair conflict / 新机维修冲突","OK"))) -> OK | X91: =IF(OR(C91="",D91=""),0,IF(COUNTIFS($C$2:C91,C91,$D$2:D91,D91)=1,1,0)) -> 0 | Y91: =IF(AND(C91="Outbound",D91<>"",COUNTIFS($C$2:C91,"Outbound",$D$2:D91,D91)=1,COUNTIFS($C$2:$C1081,"Return_to_Repair",$D$2:$D1081,D91)=0),1,0) -> 0 | Z91: =IF(G91="","",IFERROR(VLOOKUP(G91,'Product_Stock_Master产品维护'!$A$2:$L992,11,FALSE),"No")) -> No | AA91: =IF(G91="","",IFERROR(VLOOKUP(G91,'Product_Stock_Master产品维护'!$A$2:$L992,12,FALSE),""))
A92: 2026-07-23 | C92: Opening | G92: 物料 | H92: =IF(G92="","",IFERROR(VLOOKUP(G92,'Product_Stock_Master产品维护'!$A$2:$E992,2,FALSE()),"SKU not found")) -> SKU not found | I92: =IF(G92="","",IFERROR(VLOOKUP(G92,'Product_Stock_Master产品维护'!$A$2:$E992,3,FALSE()),"Item type not found")) -> Item type not found | K92: 99 | M92: R1-2-6-R | O92: =IF(C92="","",IF(AND(G92="",NOT(AND(C92="Adjustment_In",P92="Material / 物料"))),"Missing SKU / 缺料号",IF(K92="","Missing Qty / 缺数量",IF(AND(I92="Product",OR(C92="Outbound",C92="Return_to_Repair"),J92=""),"Missing SN for product outbound/return / 成品出库或维修回退缺SN",IF(C92="Move",IF(OR(L92="",M92=""),"Missing Move location / 移库缺来源或目标库位","OK"),IF(OR(C92="Opening",C92="Inbound",C92="Return_to_Repair",C92="Adjustment_In"),IF(M92="","Missing To Location / 缺目标库位","OK"),IF(OR(C92="Outbound",C92="Adjustment_Out",C92="Prepared"),IF(L92="","Missing From Location / 缺来源库位","OK"),"OK"))))))) -> OK | P92: Material / 物料 | Q92: =IF(C92="","",IF(OR(C92="Opening",C92="Inbound",C92="Return_to_Repair",C92="Adjustment_In"),M92,IF(OR(C92="Outbound",C92="Move",C92="Adjustment_Out",C92="Prepared"),L92,""))) -> R1-2-6-R | R92: =IF(C92="","",IF(C92="Return_to_Repair",J92,"")) | S92: =IF(C92="","",IF(C92="Prepared",0,IF(OR(C92="Opening",C92="Inbound",C92="Return_to_Repair",C92="Adjustment_In"),K92,IF(OR(C92="Outbound",C92="Adjustment_Out",C92="Move"),-K92,0)))) -> 99 | T92: =IF(Q92="","",Q92&"|"&F92&"|"&G92&"|"&R92&"|"&P92) -> R1-2-6-R||物料||Material / 物料 | U92: Formula helper / 公式辅助 | W92: =IF(A92="","",IF(AND(Z92="Yes",P92=""),"Missing stock condition / 缺库存属性",IF(AND(P92="New / 新机",C92="Return_to_Repair"),"New/repair conflict / 新机维修冲突","OK"))) -> OK | X92: =IF(OR(C92="",D92=""),0,IF(COUNTIFS($C$2:C92,C92,$D$2:D92,D92)=1,1,0)) -> 0 | Y92: =IF(AND(C92="Outbound",D92<>"",COUNTIFS($C$2:C92,"Outbound",$D$2:D92,D92)=1,COUNTIFS($C$2:$C1082,"Return_to_Repair",$D$2:$D1082,D92)=0),1,0) -> 0 | Z92: =IF(G92="","",IFERROR(VLOOKUP(G92,'Product_Stock_Master产品维护'!$A$2:$L992,11,FALSE),"No")) -> No | AA92: =IF(G92="","",IFERROR(VLOOKUP(G92,'Product_Stock_Master产品维护'!$A$2:$L992,12,FALSE),""))
